dip,mode,layer,x_m,disu_m,analytical_own_m,analytical_correct_m
0,plan,1,0,110,110,110
0,plan,1,10,109.75721,109.75721,109.75721
0,plan,1,20,109.51825,109.51824,109.51824
0,plan,1,30,109.28293,109.28291,109.28291
0,plan,1,40,109.05108,109.05107,109.05107
0,plan,1,50,108.82255,108.82253,108.82253
0,plan,1,60,108.59718,108.59716,108.59716
0,plan,1,70,108.37481,108.37478,108.37478
0,plan,1,80,108.15529,108.15526,108.15526
0,plan,1,90,107.93849,107.93846,107.93846
0,plan,1,100,107.72426,107.72423,107.72423
0,plan,1,110,107.51247,107.51244,107.51244
0,plan,1,120,107.30299,107.30295,107.30295
0,plan,1,130,107.09568,107.09565,107.09565
0,plan,1,140,106.89044,106.89041,106.89041
0,plan,1,150,106.68713,106.6871,106.6871
0,plan,1,160,106.48564,106.48561,106.48561
0,plan,1,170,106.28586,106.28583,106.28583
0,plan,1,180,106.08767,106.08764,106.08764
0,plan,1,190,105.89096,105.89093,105.89093
0,plan,1,200,105.69563,105.6956,105.6956
0,plan,1,210,105.50158,105.50155,105.50155
0,plan,1,220,105.30869,105.30867,105.30867
0,plan,1,230,105.11688,105.11685,105.11685
0,plan,1,240,104.92604,104.92601,104.92601
0,plan,1,250,104.73607,104.73604,104.73604
0,plan,1,260,104.54687,104.54685,104.54685
0,plan,1,270,104.35836,104.35834,104.35834
0,plan,1,280,104.17044,104.17042,104.17042
0,plan,1,290,103.98302,103.983,103.983
0,plan,1,300,103.796,103.79598,103.79598
0,plan,1,310,103.6093,103.60928,103.60928
0,plan,1,320,103.42281,103.4228,103.4228
0,plan,1,330,103.23646,103.23645,103.23645
0,plan,1,340,103.05016,103.05014,103.05014
0,plan,1,350,102.8638,102.86379,102.86379
0,plan,1,360,102.67731,102.6773,102.6773
0,plan,1,370,102.49059,102.49058,102.49058
0,plan,1,380,102.30355,102.30354,102.30354
0,plan,1,390,102.1161,102.11609,102.11609
0,plan,1,400,101.92814,101.92814,101.92814
0,plan,1,410,101.7396,101.73959,101.73959
0,plan,1,420,101.55036,101.55036,101.55036
0,plan,1,430,101.36034,101.36034,101.36034
0,plan,1,440,101.16944,101.16944,101.16944
0,plan,1,450,100.97756,100.97756,100.97756
0,plan,1,460,100.78461,100.78461,100.78461
0,plan,1,470,100.59048,100.59048,100.59048
0,plan,1,480,100.39507,100.39507,100.39507
0,plan,1,490,100.19828,100.19828,100.19828
0,plan,1,500,100,100,100
0,plan,2,0,105,105,105
0,plan,2,10,104.98279,104.98279,104.98279
0,plan,2,20,104.96175,104.96176,104.96176
0,plan,2,30,104.93707,104.93709,104.93709
0,plan,2,40,104.90892,104.90893,104.90893
0,plan,2,50,104.87745,104.87747,104.87747
0,plan,2,60,104.84282,104.84284,104.84284
0,plan,2,70,104.80519,104.80522,104.80522
0,plan,2,80,104.76471,104.76474,104.76474
0,plan,2,90,104.72151,104.72154,104.72154
0,plan,2,100,104.67574,104.67577,104.67577
0,plan,2,110,104.62753,104.62756,104.62756
0,plan,2,120,104.57701,104.57705,104.57705
0,plan,2,130,104.52432,104.52435,104.52435
0,plan,2,140,104.46956,104.46959,104.46959
0,plan,2,150,104.41287,104.4129,104.4129
0,plan,2,160,104.35436,104.35439,104.35439
0,plan,2,170,104.29414,104.29417,104.29417
0,plan,2,180,104.23233,104.23236,104.23236
0,plan,2,190,104.16904,104.16907,104.16907
0,plan,2,200,104.10437,104.1044,104.1044
0,plan,2,210,104.03842,104.03845,104.03845
0,plan,2,220,103.97131,103.97133,103.97133
0,plan,2,230,103.90312,103.90315,103.90315
0,plan,2,240,103.83396,103.83399,103.83399
0,plan,2,250,103.76393,103.76396,103.76396
0,plan,2,260,103.69313,103.69315,103.69315
0,plan,2,270,103.62164,103.62166,103.62166
0,plan,2,280,103.54956,103.54958,103.54958
0,plan,2,290,103.47698,103.477,103.477
0,plan,2,300,103.404,103.40402,103.40402
0,plan,2,310,103.3307,103.33072,103.33072
0,plan,2,320,103.25719,103.2572,103.2572
0,plan,2,330,103.18354,103.18355,103.18355
0,plan,2,340,103.10984,103.10986,103.10986
0,plan,2,350,103.0362,103.03621,103.03621
0,plan,2,360,102.96269,102.9627,102.9627
0,plan,2,370,102.88941,102.88942,102.88942
0,plan,2,380,102.81645,102.81646,102.81646
0,plan,2,390,102.7439,102.74391,102.74391
0,plan,2,400,102.67186,102.67186,102.67186
0,plan,2,410,102.6004,102.60041,102.60041
0,plan,2,420,102.52964,102.52964,102.52964
0,plan,2,430,102.45966,102.45966,102.45966
0,plan,2,440,102.39056,102.39056,102.39056
0,plan,2,450,102.32244,102.32244,102.32244
0,plan,2,460,102.25539,102.25539,102.25539
0,plan,2,470,102.18952,102.18952,102.18952
0,plan,2,480,102.12493,102.12493,102.12493
0,plan,2,490,102.06172,102.06172,102.06172
0,plan,2,500,102,102,102
0,area,1,0,110,110,110
0,area,1,10,109.75721,109.75721,109.75721
0,area,1,20,109.51825,109.51824,109.51824
0,area,1,30,109.28293,109.28291,109.28291
0,area,1,40,109.05108,109.05107,109.05107
0,area,1,50,108.82255,108.82253,108.82253
0,area,1,60,108.59718,108.59716,108.59716
0,area,1,70,108.37481,108.37478,108.37478
0,area,1,80,108.15529,108.15526,108.15526
0,area,1,90,107.93849,107.93846,107.93846
0,area,1,100,107.72426,107.72423,107.72423
0,area,1,110,107.51247,107.51244,107.51244
0,area,1,120,107.30299,107.30295,107.30295
0,area,1,130,107.09568,107.09565,107.09565
0,area,1,140,106.89044,106.89041,106.89041
0,area,1,150,106.68713,106.6871,106.6871
0,area,1,160,106.48564,106.48561,106.48561
0,area,1,170,106.28586,106.28583,106.28583
0,area,1,180,106.08767,106.08764,106.08764
0,area,1,190,105.89096,105.89093,105.89093
0,area,1,200,105.69563,105.6956,105.6956
0,area,1,210,105.50158,105.50155,105.50155
0,area,1,220,105.30869,105.30867,105.30867
0,area,1,230,105.11688,105.11685,105.11685
0,area,1,240,104.92604,104.92601,104.92601
0,area,1,250,104.73607,104.73604,104.73604
0,area,1,260,104.54687,104.54685,104.54685
0,area,1,270,104.35836,104.35834,104.35834
0,area,1,280,104.17044,104.17042,104.17042
0,area,1,290,103.98302,103.983,103.983
0,area,1,300,103.796,103.79598,103.79598
0,area,1,310,103.6093,103.60928,103.60928
0,area,1,320,103.42281,103.4228,103.4228
0,area,1,330,103.23646,103.23645,103.23645
0,area,1,340,103.05016,103.05014,103.05014
0,area,1,350,102.8638,102.86379,102.86379
0,area,1,360,102.67731,102.6773,102.6773
0,area,1,370,102.49059,102.49058,102.49058
0,area,1,380,102.30355,102.30354,102.30354
0,area,1,390,102.1161,102.11609,102.11609
0,area,1,400,101.92814,101.92814,101.92814
0,area,1,410,101.7396,101.73959,101.73959
0,area,1,420,101.55036,101.55036,101.55036
0,area,1,430,101.36034,101.36034,101.36034
0,area,1,440,101.16944,101.16944,101.16944
0,area,1,450,100.97756,100.97756,100.97756
0,area,1,460,100.78461,100.78461,100.78461
0,area,1,470,100.59048,100.59048,100.59048
0,area,1,480,100.39507,100.39507,100.39507
0,area,1,490,100.19828,100.19828,100.19828
0,area,1,500,100,100,100
0,area,2,0,105,105,105
0,area,2,10,104.98279,104.98279,104.98279
0,area,2,20,104.96175,104.96176,104.96176
0,area,2,30,104.93707,104.93709,104.93709
0,area,2,40,104.90892,104.90893,104.90893
0,area,2,50,104.87745,104.87747,104.87747
0,area,2,60,104.84282,104.84284,104.84284
0,area,2,70,104.80519,104.80522,104.80522
0,area,2,80,104.76471,104.76474,104.76474
0,area,2,90,104.72151,104.72154,104.72154
0,area,2,100,104.67574,104.67577,104.67577
0,area,2,110,104.62753,104.62756,104.62756
0,area,2,120,104.57701,104.57705,104.57705
0,area,2,130,104.52432,104.52435,104.52435
0,area,2,140,104.46956,104.46959,104.46959
0,area,2,150,104.41287,104.4129,104.4129
0,area,2,160,104.35436,104.35439,104.35439
0,area,2,170,104.29414,104.29417,104.29417
0,area,2,180,104.23233,104.23236,104.23236
0,area,2,190,104.16904,104.16907,104.16907
0,area,2,200,104.10437,104.1044,104.1044
0,area,2,210,104.03842,104.03845,104.03845
0,area,2,220,103.97131,103.97133,103.97133
0,area,2,230,103.90312,103.90315,103.90315
0,area,2,240,103.83396,103.83399,103.83399
0,area,2,250,103.76393,103.76396,103.76396
0,area,2,260,103.69313,103.69315,103.69315
0,area,2,270,103.62164,103.62166,103.62166
0,area,2,280,103.54956,103.54958,103.54958
0,area,2,290,103.47698,103.477,103.477
0,area,2,300,103.404,103.40402,103.40402
0,area,2,310,103.3307,103.33072,103.33072
0,area,2,320,103.25719,103.2572,103.2572
0,area,2,330,103.18354,103.18355,103.18355
0,area,2,340,103.10984,103.10986,103.10986
0,area,2,350,103.0362,103.03621,103.03621
0,area,2,360,102.96269,102.9627,102.9627
0,area,2,370,102.88941,102.88942,102.88942
0,area,2,380,102.81645,102.81646,102.81646
0,area,2,390,102.7439,102.74391,102.74391
0,area,2,400,102.67186,102.67186,102.67186
0,area,2,410,102.6004,102.60041,102.60041
0,area,2,420,102.52964,102.52964,102.52964
0,area,2,430,102.45966,102.45966,102.45966
0,area,2,440,102.39056,102.39056,102.39056
0,area,2,450,102.32244,102.32244,102.32244
0,area,2,460,102.25539,102.25539,102.25539
0,area,2,470,102.18952,102.18952,102.18952
0,area,2,480,102.12493,102.12493,102.12493
0,area,2,490,102.06172,102.06172,102.06172
0,area,2,500,102,102,102
0,full,1,0,110,110,110
0,full,1,10,109.75721,109.75721,109.75721
0,full,1,20,109.51825,109.51824,109.51824
0,full,1,30,109.28293,109.28291,109.28291
0,full,1,40,109.05108,109.05107,109.05107
0,full,1,50,108.82255,108.82253,108.82253
0,full,1,60,108.59718,108.59716,108.59716
0,full,1,70,108.37481,108.37478,108.37478
0,full,1,80,108.15529,108.15526,108.15526
0,full,1,90,107.93849,107.93846,107.93846
0,full,1,100,107.72426,107.72423,107.72423
0,full,1,110,107.51247,107.51244,107.51244
0,full,1,120,107.30299,107.30295,107.30295
0,full,1,130,107.09568,107.09565,107.09565
0,full,1,140,106.89044,106.89041,106.89041
0,full,1,150,106.68713,106.6871,106.6871
0,full,1,160,106.48564,106.48561,106.48561
0,full,1,170,106.28586,106.28583,106.28583
0,full,1,180,106.08767,106.08764,106.08764
0,full,1,190,105.89096,105.89093,105.89093
0,full,1,200,105.69563,105.6956,105.6956
0,full,1,210,105.50158,105.50155,105.50155
0,full,1,220,105.30869,105.30867,105.30867
0,full,1,230,105.11688,105.11685,105.11685
0,full,1,240,104.92604,104.92601,104.92601
0,full,1,250,104.73607,104.73604,104.73604
0,full,1,260,104.54687,104.54685,104.54685
0,full,1,270,104.35836,104.35834,104.35834
0,full,1,280,104.17044,104.17042,104.17042
0,full,1,290,103.98302,103.983,103.983
0,full,1,300,103.796,103.79598,103.79598
0,full,1,310,103.6093,103.60928,103.60928
0,full,1,320,103.42281,103.4228,103.4228
0,full,1,330,103.23646,103.23645,103.23645
0,full,1,340,103.05016,103.05014,103.05014
0,full,1,350,102.8638,102.86379,102.86379
0,full,1,360,102.67731,102.6773,102.6773
0,full,1,370,102.49059,102.49058,102.49058
0,full,1,380,102.30355,102.30354,102.30354
0,full,1,390,102.1161,102.11609,102.11609
0,full,1,400,101.92814,101.92814,101.92814
0,full,1,410,101.7396,101.73959,101.73959
0,full,1,420,101.55036,101.55036,101.55036
0,full,1,430,101.36034,101.36034,101.36034
0,full,1,440,101.16944,101.16944,101.16944
0,full,1,450,100.97756,100.97756,100.97756
0,full,1,460,100.78461,100.78461,100.78461
0,full,1,470,100.59048,100.59048,100.59048
0,full,1,480,100.39507,100.39507,100.39507
0,full,1,490,100.19828,100.19828,100.19828
0,full,1,500,100,100,100
0,full,2,0,105,105,105
0,full,2,10,104.98279,104.98279,104.98279
0,full,2,20,104.96175,104.96176,104.96176
0,full,2,30,104.93707,104.93709,104.93709
0,full,2,40,104.90892,104.90893,104.90893
0,full,2,50,104.87745,104.87747,104.87747
0,full,2,60,104.84282,104.84284,104.84284
0,full,2,70,104.80519,104.80522,104.80522
0,full,2,80,104.76471,104.76474,104.76474
0,full,2,90,104.72151,104.72154,104.72154
0,full,2,100,104.67574,104.67577,104.67577
0,full,2,110,104.62753,104.62756,104.62756
0,full,2,120,104.57701,104.57705,104.57705
0,full,2,130,104.52432,104.52435,104.52435
0,full,2,140,104.46956,104.46959,104.46959
0,full,2,150,104.41287,104.4129,104.4129
0,full,2,160,104.35436,104.35439,104.35439
0,full,2,170,104.29414,104.29417,104.29417
0,full,2,180,104.23233,104.23236,104.23236
0,full,2,190,104.16904,104.16907,104.16907
0,full,2,200,104.10437,104.1044,104.1044
0,full,2,210,104.03842,104.03845,104.03845
0,full,2,220,103.97131,103.97133,103.97133
0,full,2,230,103.90312,103.90315,103.90315
0,full,2,240,103.83396,103.83399,103.83399
0,full,2,250,103.76393,103.76396,103.76396
0,full,2,260,103.69313,103.69315,103.69315
0,full,2,270,103.62164,103.62166,103.62166
0,full,2,280,103.54956,103.54958,103.54958
0,full,2,290,103.47698,103.477,103.477
0,full,2,300,103.404,103.40402,103.40402
0,full,2,310,103.3307,103.33072,103.33072
0,full,2,320,103.25719,103.2572,103.2572
0,full,2,330,103.18354,103.18355,103.18355
0,full,2,340,103.10984,103.10986,103.10986
0,full,2,350,103.0362,103.03621,103.03621
0,full,2,360,102.96269,102.9627,102.9627
0,full,2,370,102.88941,102.88942,102.88942
0,full,2,380,102.81645,102.81646,102.81646
0,full,2,390,102.7439,102.74391,102.74391
0,full,2,400,102.67186,102.67186,102.67186
0,full,2,410,102.6004,102.60041,102.60041
0,full,2,420,102.52964,102.52964,102.52964
0,full,2,430,102.45966,102.45966,102.45966
0,full,2,440,102.39056,102.39056,102.39056
0,full,2,450,102.32244,102.32244,102.32244
0,full,2,460,102.25539,102.25539,102.25539
0,full,2,470,102.18952,102.18952,102.18952
0,full,2,480,102.12493,102.12493,102.12493
0,full,2,490,102.06172,102.06172,102.06172
0,full,2,500,102,102,102
5,plan,1,0,110,110,110
5,plan,1,10,109.75721,109.75721,109.75693
5,plan,1,20,109.51825,109.51824,109.51771
5,plan,1,30,109.28293,109.28291,109.28216
5,plan,1,40,109.05108,109.05107,109.05012
5,plan,1,50,108.82255,108.82253,108.82141
5,plan,1,60,108.59718,108.59716,108.59588
5,plan,1,70,108.37481,108.37478,108.37338
5,plan,1,80,108.15529,108.15526,108.15375
5,plan,1,90,107.93849,107.93846,107.93686
5,plan,1,100,107.72426,107.72423,107.72255
5,plan,1,110,107.51247,107.51244,107.5107
5,plan,1,120,107.30299,107.30295,107.30118
5,plan,1,130,107.09568,107.09565,107.09384
5,plan,1,140,106.89044,106.89041,106.88858
5,plan,1,150,106.68713,106.6871,106.68527
5,plan,1,160,106.48564,106.48561,106.48378
5,plan,1,170,106.28586,106.28583,106.28402
5,plan,1,180,106.08767,106.08764,106.08585
5,plan,1,190,105.89096,105.89093,105.88918
5,plan,1,200,105.69563,105.6956,105.69389
5,plan,1,210,105.50158,105.50155,105.49989
5,plan,1,220,105.30869,105.30867,105.30706
5,plan,1,230,105.11688,105.11685,105.1153
5,plan,1,240,104.92604,104.92601,104.92453
5,plan,1,250,104.73607,104.73604,104.73463
5,plan,1,260,104.54687,104.54685,104.54551
5,plan,1,270,104.35836,104.35834,104.35708
5,plan,1,280,104.17044,104.17042,104.16924
5,plan,1,290,103.98302,103.983,103.9819
5,plan,1,300,103.796,103.79598,103.79496
5,plan,1,310,103.6093,103.60928,103.60834
5,plan,1,320,103.42281,103.4228,103.42194
5,plan,1,330,103.23646,103.23645,103.23567
5,plan,1,340,103.05016,103.05014,103.04945
5,plan,1,350,102.8638,102.86379,102.86318
5,plan,1,360,102.67731,102.6773,102.67676
5,plan,1,370,102.49059,102.49058,102.49012
5,plan,1,380,102.30355,102.30354,102.30315
5,plan,1,390,102.1161,102.11609,102.11577
5,plan,1,400,101.92814,101.92814,101.92788
5,plan,1,410,101.7396,101.73959,101.73939
5,plan,1,420,101.55036,101.55036,101.55021
5,plan,1,430,101.36034,101.36034,101.36024
5,plan,1,440,101.16944,101.16944,101.16938
5,plan,1,450,100.97756,100.97756,100.97754
5,plan,1,460,100.78461,100.78461,100.78461
5,plan,1,470,100.59048,100.59048,100.5905
5,plan,1,480,100.39507,100.39507,100.3951
5,plan,1,490,100.19828,100.19828,100.1983
5,plan,1,500,100,100,100
5,plan,2,0,105,105,105
5,plan,2,10,104.98279,104.98279,104.98307
5,plan,2,20,104.96175,104.96176,104.96229
5,plan,2,30,104.93707,104.93709,104.93784
5,plan,2,40,104.90892,104.90893,104.90988
5,plan,2,50,104.87745,104.87747,104.87859
5,plan,2,60,104.84282,104.84284,104.84412
5,plan,2,70,104.80519,104.80522,104.80662
5,plan,2,80,104.76471,104.76474,104.76625
5,plan,2,90,104.72151,104.72154,104.72314
5,plan,2,100,104.67574,104.67577,104.67745
5,plan,2,110,104.62753,104.62756,104.6293
5,plan,2,120,104.57701,104.57705,104.57882
5,plan,2,130,104.52432,104.52435,104.52616
5,plan,2,140,104.46956,104.46959,104.47142
5,plan,2,150,104.41287,104.4129,104.41473
5,plan,2,160,104.35436,104.35439,104.35622
5,plan,2,170,104.29414,104.29417,104.29598
5,plan,2,180,104.23233,104.23236,104.23415
5,plan,2,190,104.16904,104.16907,104.17082
5,plan,2,200,104.10437,104.1044,104.10611
5,plan,2,210,104.03842,104.03845,104.04011
5,plan,2,220,103.97131,103.97133,103.97294
5,plan,2,230,103.90312,103.90315,103.9047
5,plan,2,240,103.83396,103.83399,103.83547
5,plan,2,250,103.76393,103.76396,103.76537
5,plan,2,260,103.69313,103.69315,103.69449
5,plan,2,270,103.62164,103.62166,103.62292
5,plan,2,280,103.54956,103.54958,103.55076
5,plan,2,290,103.47698,103.477,103.4781
5,plan,2,300,103.404,103.40402,103.40504
5,plan,2,310,103.3307,103.33072,103.33166
5,plan,2,320,103.25719,103.2572,103.25806
5,plan,2,330,103.18354,103.18355,103.18433
5,plan,2,340,103.10984,103.10986,103.11055
5,plan,2,350,103.0362,103.03621,103.03682
5,plan,2,360,102.96269,102.9627,102.96324
5,plan,2,370,102.88941,102.88942,102.88988
5,plan,2,380,102.81645,102.81646,102.81685
5,plan,2,390,102.7439,102.74391,102.74423
5,plan,2,400,102.67186,102.67186,102.67212
5,plan,2,410,102.6004,102.60041,102.60061
5,plan,2,420,102.52964,102.52964,102.52979
5,plan,2,430,102.45966,102.45966,102.45976
5,plan,2,440,102.39056,102.39056,102.39062
5,plan,2,450,102.32244,102.32244,102.32246
5,plan,2,460,102.25539,102.25539,102.25539
5,plan,2,470,102.18952,102.18952,102.1895
5,plan,2,480,102.12493,102.12493,102.1249
5,plan,2,490,102.06172,102.06172,102.0617
5,plan,2,500,102,102,102
5,area,1,0,110,110,110
5,area,1,10,109.75708,109.75707,109.75693
5,area,1,20,109.51798,109.51798,109.51771
5,area,1,30,109.28255,109.28254,109.28216
5,area,1,40,109.05061,109.05059,109.05012
5,area,1,50,108.82199,108.82197,108.82141
5,area,1,60,108.59654,108.59652,108.59588
5,area,1,70,108.37411,108.37408,108.37338
5,area,1,80,108.15454,108.15451,108.15375
5,area,1,90,107.93769,107.93766,107.93686
5,area,1,100,107.72342,107.72339,107.72255
5,area,1,110,107.5116,107.51157,107.5107
5,area,1,120,107.3021,107.30207,107.30118
5,area,1,130,107.09478,107.09475,107.09384
5,area,1,140,106.88953,106.88949,106.88858
5,area,1,150,106.68622,106.68618,106.68527
5,area,1,160,106.48473,106.4847,106.48378
5,area,1,170,106.28495,106.28492,106.28402
5,area,1,180,106.08678,106.08675,106.08585
5,area,1,190,105.89009,105.89006,105.88918
5,area,1,200,105.69478,105.69475,105.69389
5,area,1,210,105.50075,105.50072,105.49989
5,area,1,220,105.30789,105.30786,105.30706
5,area,1,230,105.11611,105.11608,105.1153
5,area,1,240,104.92529,104.92527,104.92453
5,area,1,250,104.73536,104.73533,104.73463
5,area,1,260,104.5462,104.54618,104.54551
5,area,1,270,104.35773,104.35771,104.35708
5,area,1,280,104.16985,104.16983,104.16924
5,area,1,290,103.98247,103.98245,103.9819
5,area,1,300,103.79549,103.79547,103.79496
5,area,1,310,103.60883,103.60881,103.60834
5,area,1,320,103.42239,103.42237,103.42194
5,area,1,330,103.23608,103.23606,103.23567
5,area,1,340,103.04981,103.0498,103.04945
5,area,1,350,102.86349,102.86348,102.86318
5,area,1,360,102.67704,102.67703,102.67676
5,area,1,370,102.49036,102.49035,102.49012
5,area,1,380,102.30335,102.30335,102.30315
5,area,1,390,102.11594,102.11593,102.11577
5,area,1,400,101.92802,101.92801,101.92788
5,area,1,410,101.7395,101.73949,101.73939
5,area,1,420,101.55029,101.55028,101.55021
5,area,1,430,101.36029,101.36029,101.36024
5,area,1,440,101.16941,101.16941,101.16938
5,area,1,450,100.97755,100.97755,100.97754
5,area,1,460,100.78461,100.78461,100.78461
5,area,1,470,100.59049,100.59049,100.5905
5,area,1,480,100.39509,100.39509,100.3951
5,area,1,490,100.19829,100.19829,100.1983
5,area,1,500,100,100,100
5,area,2,0,105,105,105
5,area,2,10,104.98292,104.98293,104.98307
5,area,2,20,104.96202,104.96202,104.96229
5,area,2,30,104.93745,104.93746,104.93784
5,area,2,40,104.90939,104.90941,104.90988
5,area,2,50,104.87801,104.87803,104.87859
5,area,2,60,104.84346,104.84348,104.84412
5,area,2,70,104.80589,104.80592,104.80662
5,area,2,80,104.76546,104.76549,104.76625
5,area,2,90,104.72231,104.72234,104.72314
5,area,2,100,104.67658,104.67661,104.67745
5,area,2,110,104.6284,104.62843,104.6293
5,area,2,120,104.5779,104.57793,104.57882
5,area,2,130,104.52522,104.52525,104.52616
5,area,2,140,104.47047,104.47051,104.47142
5,area,2,150,104.41378,104.41382,104.41473
5,area,2,160,104.35527,104.3553,104.35622
5,area,2,170,104.29505,104.29508,104.29598
5,area,2,180,104.23322,104.23325,104.23415
5,area,2,190,104.16991,104.16994,104.17082
5,area,2,200,104.10522,104.10525,104.10611
5,area,2,210,104.03925,104.03928,104.04011
5,area,2,220,103.97211,103.97214,103.97294
5,area,2,230,103.90389,103.90392,103.9047
5,area,2,240,103.83471,103.83473,103.83547
5,area,2,250,103.76464,103.76467,103.76537
5,area,2,260,103.6938,103.69382,103.69449
5,area,2,270,103.62227,103.62229,103.62292
5,area,2,280,103.55015,103.55017,103.55076
5,area,2,290,103.47753,103.47755,103.4781
5,area,2,300,103.40451,103.40453,103.40504
5,area,2,310,103.33117,103.33119,103.33166
5,area,2,320,103.25761,103.25763,103.25806
5,area,2,330,103.18392,103.18394,103.18433
5,area,2,340,103.11019,103.1102,103.11055
5,area,2,350,103.03651,103.03652,103.03682
5,area,2,360,102.96296,102.96297,102.96324
5,area,2,370,102.88964,102.88965,102.88988
5,area,2,380,102.81665,102.81665,102.81685
5,area,2,390,102.74406,102.74407,102.74423
5,area,2,400,102.67198,102.67199,102.67212
5,area,2,410,102.6005,102.60051,102.60061
5,area,2,420,102.52971,102.52972,102.52979
5,area,2,430,102.45971,102.45971,102.45976
5,area,2,440,102.39059,102.39059,102.39062
5,area,2,450,102.32245,102.32245,102.32246
5,area,2,460,102.25539,102.25539,102.25539
5,area,2,470,102.18951,102.18951,102.1895
5,area,2,480,102.12491,102.12491,102.1249
5,area,2,490,102.06171,102.06171,102.0617
5,area,2,500,102,102,102
5,full,1,0,110,110,110
5,full,1,10,109.75694,109.75693,109.75693
5,full,1,20,109.51772,109.51771,109.51771
5,full,1,30,109.28218,109.28216,109.28216
5,full,1,40,109.05014,109.05012,109.05012
5,full,1,50,108.82143,108.82141,108.82141
5,full,1,60,108.59591,108.59588,108.59588
5,full,1,70,108.37341,108.37338,108.37338
5,full,1,80,108.15378,108.15375,108.15375
5,full,1,90,107.93689,107.93686,107.93686
5,full,1,100,107.72258,107.72255,107.72255
5,full,1,110,107.51073,107.5107,107.5107
5,full,1,120,107.30121,107.30118,107.30118
5,full,1,130,107.09387,107.09384,107.09384
5,full,1,140,106.88861,106.88858,106.88858
5,full,1,150,106.6853,106.68527,106.68527
5,full,1,160,106.48382,106.48378,106.48378
5,full,1,170,106.28405,106.28402,106.28402
5,full,1,180,106.08588,106.08585,106.08585
5,full,1,190,105.88921,105.88918,105.88918
5,full,1,200,105.69392,105.69389,105.69389
5,full,1,210,105.49992,105.49989,105.49989
5,full,1,220,105.30709,105.30706,105.30706
5,full,1,230,105.11533,105.1153,105.1153
5,full,1,240,104.92455,104.92453,104.92453
5,full,1,250,104.73465,104.73463,104.73463
5,full,1,260,104.54553,104.54551,104.54551
5,full,1,270,104.3571,104.35708,104.35708
5,full,1,280,104.16926,104.16924,104.16924
5,full,1,290,103.98191,103.9819,103.9819
5,full,1,300,103.79498,103.79496,103.79496
5,full,1,310,103.60836,103.60834,103.60834
5,full,1,320,103.42196,103.42194,103.42194
5,full,1,330,103.23569,103.23567,103.23567
5,full,1,340,103.04946,103.04945,103.04945
5,full,1,350,102.86319,102.86318,102.86318
5,full,1,360,102.67677,102.67676,102.67676
5,full,1,370,102.49013,102.49012,102.49012
5,full,1,380,102.30316,102.30315,102.30315
5,full,1,390,102.11578,102.11577,102.11577
5,full,1,400,101.92789,101.92788,101.92788
5,full,1,410,101.7394,101.73939,101.73939
5,full,1,420,101.55021,101.55021,101.55021
5,full,1,430,101.36024,101.36024,101.36024
5,full,1,440,101.16938,101.16938,101.16938
5,full,1,450,100.97754,100.97754,100.97754
5,full,1,460,100.78461,100.78461,100.78461
5,full,1,470,100.5905,100.5905,100.5905
5,full,1,480,100.3951,100.3951,100.3951
5,full,1,490,100.1983,100.1983,100.1983
5,full,1,500,100,100,100
5,full,2,0,105,105,105
5,full,2,10,104.98306,104.98307,104.98307
5,full,2,20,104.96228,104.96229,104.96229
5,full,2,30,104.93782,104.93784,104.93784
5,full,2,40,104.90986,104.90988,104.90988
5,full,2,50,104.87857,104.87859,104.87859
5,full,2,60,104.84409,104.84412,104.84412
5,full,2,70,104.80659,104.80662,104.80662
5,full,2,80,104.76622,104.76625,104.76625
5,full,2,90,104.72311,104.72314,104.72314
5,full,2,100,104.67742,104.67745,104.67745
5,full,2,110,104.62927,104.6293,104.6293
5,full,2,120,104.57879,104.57882,104.57882
5,full,2,130,104.52613,104.52616,104.52616
5,full,2,140,104.47139,104.47142,104.47142
5,full,2,150,104.4147,104.41473,104.41473
5,full,2,160,104.35618,104.35622,104.35622
5,full,2,170,104.29595,104.29598,104.29598
5,full,2,180,104.23412,104.23415,104.23415
5,full,2,190,104.17079,104.17082,104.17082
5,full,2,200,104.10608,104.10611,104.10611
5,full,2,210,104.04008,104.04011,104.04011
5,full,2,220,103.97291,103.97294,103.97294
5,full,2,230,103.90467,103.9047,103.9047
5,full,2,240,103.83545,103.83547,103.83547
5,full,2,250,103.76535,103.76537,103.76537
5,full,2,260,103.69447,103.69449,103.69449
5,full,2,270,103.6229,103.62292,103.62292
5,full,2,280,103.55074,103.55076,103.55076
5,full,2,290,103.47809,103.4781,103.4781
5,full,2,300,103.40502,103.40504,103.40504
5,full,2,310,103.33164,103.33166,103.33166
5,full,2,320,103.25804,103.25806,103.25806
5,full,2,330,103.18431,103.18433,103.18433
5,full,2,340,103.11054,103.11055,103.11055
5,full,2,350,103.03681,103.03682,103.03682
5,full,2,360,102.96323,102.96324,102.96324
5,full,2,370,102.88987,102.88988,102.88988
5,full,2,380,102.81684,102.81685,102.81685
5,full,2,390,102.74422,102.74423,102.74423
5,full,2,400,102.67211,102.67212,102.67212
5,full,2,410,102.6006,102.60061,102.60061
5,full,2,420,102.52979,102.52979,102.52979
5,full,2,430,102.45976,102.45976,102.45976
5,full,2,440,102.39062,102.39062,102.39062
5,full,2,450,102.32246,102.32246,102.32246
5,full,2,460,102.25539,102.25539,102.25539
5,full,2,470,102.1895,102.1895,102.1895
5,full,2,480,102.1249,102.1249,102.1249
5,full,2,490,102.0617,102.0617,102.0617
5,full,2,500,102,102,102
10,plan,1,0,110,110,110
10,plan,1,10,109.75721,109.75721,109.75608
10,plan,1,20,109.51825,109.51824,109.5161
10,plan,1,30,109.28293,109.28291,109.27988
10,plan,1,40,109.05108,109.05107,109.04723
10,plan,1,50,108.82255,108.82253,108.818
10,plan,1,60,108.59718,108.59716,108.59201
10,plan,1,70,108.37481,108.37478,108.36912
10,plan,1,80,108.15529,108.15526,108.14916
10,plan,1,90,107.93849,107.93846,107.93198
10,plan,1,100,107.72426,107.72423,107.71745
10,plan,1,110,107.51247,107.51244,107.50542
10,plan,1,120,107.30299,107.30295,107.29576
10,plan,1,130,107.09568,107.09565,107.08834
10,plan,1,140,106.89044,106.89041,106.88302
10,plan,1,150,106.68713,106.6871,106.6797
10,plan,1,160,106.48564,106.48561,106.47823
10,plan,1,170,106.28586,106.28583,106.27851
10,plan,1,180,106.08767,106.08764,106.08043
10,plan,1,190,105.89096,105.89093,105.88386
10,plan,1,200,105.69563,105.6956,105.6887
10,plan,1,210,105.50158,105.50155,105.49484
10,plan,1,220,105.30869,105.30867,105.30218
10,plan,1,230,105.11688,105.11685,105.11061
10,plan,1,240,104.92604,104.92601,104.92003
10,plan,1,250,104.73607,104.73604,104.73034
10,plan,1,260,104.54687,104.54685,104.54144
10,plan,1,270,104.35836,104.35834,104.35324
10,plan,1,280,104.17044,104.17042,104.16564
10,plan,1,290,103.98302,103.983,103.97855
10,plan,1,300,103.796,103.79598,103.79186
10,plan,1,310,103.6093,103.60928,103.60549
10,plan,1,320,103.42281,103.4228,103.41935
10,plan,1,330,103.23646,103.23645,103.23333
10,plan,1,340,103.05016,103.05014,103.04735
10,plan,1,350,102.8638,102.86379,102.86132
10,plan,1,360,102.67731,102.6773,102.67515
10,plan,1,370,102.49059,102.49058,102.48873
10,plan,1,380,102.30355,102.30354,102.30198
10,plan,1,390,102.1161,102.11609,102.11481
10,plan,1,400,101.92814,101.92814,101.92711
10,plan,1,410,101.7396,101.73959,101.73881
10,plan,1,420,101.55036,101.55036,101.54978
10,plan,1,430,101.36034,101.36034,101.35996
10,plan,1,440,101.16944,101.16944,101.16922
10,plan,1,450,100.97756,100.97756,100.97747
10,plan,1,460,100.78461,100.78461,100.78462
10,plan,1,470,100.59048,100.59048,100.59055
10,plan,1,480,100.39507,100.39507,100.39516
10,plan,1,490,100.19828,100.19828,100.19835
10,plan,1,500,100,100,100
10,plan,2,0,105,105,105
10,plan,2,10,104.98279,104.98279,104.98392
10,plan,2,20,104.96175,104.96176,104.9639
10,plan,2,30,104.93707,104.93709,104.94012
10,plan,2,40,104.90892,104.90893,104.91277
10,plan,2,50,104.87745,104.87747,104.882
10,plan,2,60,104.84282,104.84284,104.84799
10,plan,2,70,104.80519,104.80522,104.81088
10,plan,2,80,104.76471,104.76474,104.77084
10,plan,2,90,104.72151,104.72154,104.72802
10,plan,2,100,104.67574,104.67577,104.68255
10,plan,2,110,104.62753,104.62756,104.63458
10,plan,2,120,104.57701,104.57705,104.58424
10,plan,2,130,104.52432,104.52435,104.53166
10,plan,2,140,104.46956,104.46959,104.47698
10,plan,2,150,104.41287,104.4129,104.4203
10,plan,2,160,104.35436,104.35439,104.36177
10,plan,2,170,104.29414,104.29417,104.30149
10,plan,2,180,104.23233,104.23236,104.23957
10,plan,2,190,104.16904,104.16907,104.17614
10,plan,2,200,104.10437,104.1044,104.1113
10,plan,2,210,104.03842,104.03845,104.04516
10,plan,2,220,103.97131,103.97133,103.97782
10,plan,2,230,103.90312,103.90315,103.90939
10,plan,2,240,103.83396,103.83399,103.83997
10,plan,2,250,103.76393,103.76396,103.76966
10,plan,2,260,103.69313,103.69315,103.69856
10,plan,2,270,103.62164,103.62166,103.62676
10,plan,2,280,103.54956,103.54958,103.55436
10,plan,2,290,103.47698,103.477,103.48145
10,plan,2,300,103.404,103.40402,103.40814
10,plan,2,310,103.3307,103.33072,103.33451
10,plan,2,320,103.25719,103.2572,103.26065
10,plan,2,330,103.18354,103.18355,103.18667
10,plan,2,340,103.10984,103.10986,103.11265
10,plan,2,350,103.0362,103.03621,103.03868
10,plan,2,360,102.96269,102.9627,102.96485
10,plan,2,370,102.88941,102.88942,102.89127
10,plan,2,380,102.81645,102.81646,102.81802
10,plan,2,390,102.7439,102.74391,102.74519
10,plan,2,400,102.67186,102.67186,102.67289
10,plan,2,410,102.6004,102.60041,102.60119
10,plan,2,420,102.52964,102.52964,102.53022
10,plan,2,430,102.45966,102.45966,102.46004
10,plan,2,440,102.39056,102.39056,102.39078
10,plan,2,450,102.32244,102.32244,102.32253
10,plan,2,460,102.25539,102.25539,102.25538
10,plan,2,470,102.18952,102.18952,102.18945
10,plan,2,480,102.12493,102.12493,102.12484
10,plan,2,490,102.06172,102.06172,102.06165
10,plan,2,500,102,102,102
10,area,1,0,110,110,110
10,area,1,10,109.75665,109.75665,109.75608
10,area,1,20,109.51719,109.51718,109.5161
10,area,1,30,109.28142,109.2814,109.27988
10,area,1,40,109.04918,109.04916,109.04723
10,area,1,50,108.8203,108.82028,108.818
10,area,1,60,108.59462,108.5946,108.59201
10,area,1,70,108.37199,108.37196,108.36912
10,area,1,80,108.15225,108.15222,108.14916
10,area,1,90,107.93526,107.93524,107.93198
10,area,1,100,107.72088,107.72085,107.71745
10,area,1,110,107.50898,107.50895,107.50542
10,area,1,120,107.29941,107.29937,107.29576
10,area,1,130,107.09204,107.09201,107.08834
10,area,1,140,106.88676,106.88673,106.88302
10,area,1,150,106.68345,106.68341,106.6797
10,area,1,160,106.48197,106.48194,106.47823
10,area,1,170,106.28222,106.28219,106.27851
10,area,1,180,106.08408,106.08405,106.08043
10,area,1,190,105.88744,105.88741,105.88386
10,area,1,200,105.69219,105.69216,105.6887
10,area,1,210,105.49824,105.49821,105.49484
10,area,1,220,105.30546,105.30543,105.30218
10,area,1,230,105.11377,105.11374,105.11061
10,area,1,240,104.92305,104.92303,104.92003
10,area,1,250,104.73322,104.7332,104.73034
10,area,1,260,104.54418,104.54415,104.54144
10,area,1,270,104.35582,104.3558,104.35324
10,area,1,280,104.16806,104.16804,104.16564
10,area,1,290,103.9808,103.98078,103.97855
10,area,1,300,103.79394,103.79393,103.79186
10,area,1,310,103.60741,103.60739,103.60549
10,area,1,320,103.42109,103.42107,103.41935
10,area,1,330,103.23491,103.23489,103.23333
10,area,1,340,103.04876,103.04875,103.04735
10,area,1,350,102.86257,102.86256,102.86132
10,area,1,360,102.67623,102.67622,102.67515
10,area,1,370,102.48966,102.48965,102.48873
10,area,1,380,102.30277,102.30276,102.30198
10,area,1,390,102.11545,102.11545,102.11481
10,area,1,400,101.92763,101.92762,101.92711
10,area,1,410,101.7392,101.7392,101.73881
10,area,1,420,101.55007,101.55007,101.54978
10,area,1,430,101.36015,101.36014,101.35996
10,area,1,440,101.16933,101.16933,101.16922
10,area,1,450,100.97752,100.97752,100.97747
10,area,1,460,100.78461,100.78461,100.78462
10,area,1,470,100.59051,100.59052,100.59055
10,area,1,480,100.39512,100.39512,100.39516
10,area,1,490,100.19832,100.19832,100.19835
10,area,1,500,100,100,100
10,area,2,0,105,105,105
10,area,2,10,104.98335,104.98335,104.98392
10,area,2,20,104.96281,104.96282,104.9639
10,area,2,30,104.93858,104.9386,104.94012
10,area,2,40,104.91082,104.91084,104.91277
10,area,2,50,104.8797,104.87972,104.882
10,area,2,60,104.84538,104.8454,104.84799
10,area,2,70,104.80801,104.80804,104.81088
10,area,2,80,104.76775,104.76778,104.77084
10,area,2,90,104.72474,104.72476,104.72802
10,area,2,100,104.67912,104.67915,104.68255
10,area,2,110,104.63102,104.63105,104.63458
10,area,2,120,104.58059,104.58063,104.58424
10,area,2,130,104.52796,104.52799,104.53166
10,area,2,140,104.47324,104.47327,104.47698
10,area,2,150,104.41655,104.41659,104.4203
10,area,2,160,104.35803,104.35806,104.36177
10,area,2,170,104.29778,104.29781,104.30149
10,area,2,180,104.23592,104.23595,104.23957
10,area,2,190,104.17256,104.17259,104.17614
10,area,2,200,104.10781,104.10784,104.1113
10,area,2,210,104.04176,104.04179,104.04516
10,area,2,220,103.97454,103.97457,103.97782
10,area,2,230,103.90623,103.90626,103.90939
10,area,2,240,103.83695,103.83697,103.83997
10,area,2,250,103.76678,103.7668,103.76966
10,area,2,260,103.69582,103.69585,103.69856
10,area,2,270,103.62418,103.6242,103.62676
10,area,2,280,103.55194,103.55196,103.55436
10,area,2,290,103.4792,103.47922,103.48145
10,area,2,300,103.40606,103.40607,103.40814
10,area,2,310,103.33259,103.33261,103.33451
10,area,2,320,103.25891,103.25893,103.26065
10,area,2,330,103.18509,103.18511,103.18667
10,area,2,340,103.11124,103.11125,103.11265
10,area,2,350,103.03743,103.03744,103.03868
10,area,2,360,102.96377,102.96378,102.96485
10,area,2,370,102.89034,102.89035,102.89127
10,area,2,380,102.81723,102.81724,102.81802
10,area,2,390,102.74455,102.74455,102.74519
10,area,2,400,102.67237,102.67238,102.67289
10,area,2,410,102.6008,102.6008,102.60119
10,area,2,420,102.52993,102.52993,102.53022
10,area,2,430,102.45985,102.45986,102.46004
10,area,2,440,102.39067,102.39067,102.39078
10,area,2,450,102.32248,102.32248,102.32253
10,area,2,460,102.25539,102.25539,102.25538
10,area,2,470,102.18949,102.18948,102.18945
10,area,2,480,102.12488,102.12488,102.12484
10,area,2,490,102.06168,102.06168,102.06165
10,area,2,500,102,102,102
10,full,1,0,110,110,110
10,full,1,10,109.75609,109.75608,109.75608
10,full,1,20,109.51611,109.5161,109.5161
10,full,1,30,109.27989,109.27988,109.27988
10,full,1,40,109.04725,109.04723,109.04723
10,full,1,50,108.81802,108.818,108.818
10,full,1,60,108.59204,108.59201,108.59201
10,full,1,70,108.36914,108.36912,108.36912
10,full,1,80,108.14918,108.14916,108.14916
10,full,1,90,107.93201,107.93198,107.93198
10,full,1,100,107.71748,107.71745,107.71745
10,full,1,110,107.50545,107.50542,107.50542
10,full,1,120,107.29579,107.29576,107.29576
10,full,1,130,107.08837,107.08834,107.08834
10,full,1,140,106.88306,106.88302,106.88302
10,full,1,150,106.67973,106.6797,106.6797
10,full,1,160,106.47827,106.47823,106.47823
10,full,1,170,106.27855,106.27851,106.27851
10,full,1,180,106.08046,106.08043,106.08043
10,full,1,190,105.88389,105.88386,105.88386
10,full,1,200,105.68873,105.6887,105.6887
10,full,1,210,105.49487,105.49484,105.49484
10,full,1,220,105.30221,105.30218,105.30218
10,full,1,230,105.11064,105.11061,105.11061
10,full,1,240,104.92005,104.92003,104.92003
10,full,1,250,104.73037,104.73034,104.73034
10,full,1,260,104.54147,104.54144,104.54144
10,full,1,270,104.35327,104.35324,104.35324
10,full,1,280,104.16567,104.16564,104.16564
10,full,1,290,103.97857,103.97855,103.97855
10,full,1,300,103.79188,103.79186,103.79186
10,full,1,310,103.60551,103.60549,103.60549
10,full,1,320,103.41936,103.41935,103.41935
10,full,1,330,103.23334,103.23333,103.23333
10,full,1,340,103.04737,103.04735,103.04735
10,full,1,350,102.86133,102.86132,102.86132
10,full,1,360,102.67516,102.67515,102.67515
10,full,1,370,102.48874,102.48873,102.48873
10,full,1,380,102.30199,102.30198,102.30198
10,full,1,390,102.11481,102.11481,102.11481
10,full,1,400,101.92712,101.92711,101.92711
10,full,1,410,101.73881,101.73881,101.73881
10,full,1,420,101.54979,101.54978,101.54978
10,full,1,430,101.35996,101.35996,101.35996
10,full,1,440,101.16922,101.16922,101.16922
10,full,1,450,100.97747,100.97747,100.97747
10,full,1,460,100.78462,100.78462,100.78462
10,full,1,470,100.59055,100.59055,100.59055
10,full,1,480,100.39516,100.39516,100.39516
10,full,1,490,100.19835,100.19835,100.19835
10,full,1,500,100,100,100
10,full,2,0,105,105,105
10,full,2,10,104.98391,104.98392,104.98392
10,full,2,20,104.96389,104.9639,104.9639
10,full,2,30,104.94011,104.94012,104.94012
10,full,2,40,104.91275,104.91277,104.91277
10,full,2,50,104.88198,104.882,104.882
10,full,2,60,104.84796,104.84799,104.84799
10,full,2,70,104.81086,104.81088,104.81088
10,full,2,80,104.77082,104.77084,104.77084
10,full,2,90,104.72799,104.72802,104.72802
10,full,2,100,104.68252,104.68255,104.68255
10,full,2,110,104.63455,104.63458,104.63458
10,full,2,120,104.58421,104.58424,104.58424
10,full,2,130,104.53163,104.53166,104.53166
10,full,2,140,104.47694,104.47698,104.47698
10,full,2,150,104.42027,104.4203,104.4203
10,full,2,160,104.36173,104.36177,104.36177
10,full,2,170,104.30145,104.30149,104.30149
10,full,2,180,104.23954,104.23957,104.23957
10,full,2,190,104.17611,104.17614,104.17614
10,full,2,200,104.11127,104.1113,104.1113
10,full,2,210,104.04513,104.04516,104.04516
10,full,2,220,103.97779,103.97782,103.97782
10,full,2,230,103.90936,103.90939,103.90939
10,full,2,240,103.83995,103.83997,103.83997
10,full,2,250,103.76963,103.76966,103.76966
10,full,2,260,103.69853,103.69856,103.69856
10,full,2,270,103.62673,103.62676,103.62676
10,full,2,280,103.55433,103.55436,103.55436
10,full,2,290,103.48143,103.48145,103.48145
10,full,2,300,103.40812,103.40814,103.40814
10,full,2,310,103.33449,103.33451,103.33451
10,full,2,320,103.26064,103.26065,103.26065
10,full,2,330,103.18666,103.18667,103.18667
10,full,2,340,103.11263,103.11265,103.11265
10,full,2,350,103.03867,103.03868,103.03868
10,full,2,360,102.96484,102.96485,102.96485
10,full,2,370,102.89126,102.89127,102.89127
10,full,2,380,102.81801,102.81802,102.81802
10,full,2,390,102.74519,102.74519,102.74519
10,full,2,400,102.67288,102.67289,102.67289
10,full,2,410,102.60119,102.60119,102.60119
10,full,2,420,102.53021,102.53022,102.53022
10,full,2,430,102.46004,102.46004,102.46004
10,full,2,440,102.39078,102.39078,102.39078
10,full,2,450,102.32253,102.32253,102.32253
10,full,2,460,102.25538,102.25538,102.25538
10,full,2,470,102.18945,102.18945,102.18945
10,full,2,480,102.12484,102.12484,102.12484
10,full,2,490,102.06165,102.06165,102.06165
10,full,2,500,102,102,102
15,plan,1,0,110,110,110
15,plan,1,10,109.75721,109.75721,109.75462
15,plan,1,20,109.51825,109.51824,109.51333
15,plan,1,30,109.28293,109.28291,109.27595
15,plan,1,40,109.05108,109.05107,109.04227
15,plan,1,50,108.82255,108.82253,108.81213
15,plan,1,60,108.59718,108.59716,108.58536
15,plan,1,70,108.37481,108.37478,108.36179
15,plan,1,80,108.15529,108.15526,108.14126
15,plan,1,90,107.93849,107.93846,107.92361
15,plan,1,100,107.72426,107.72423,107.70869
15,plan,1,110,107.51247,107.51244,107.49636
15,plan,1,120,107.30299,107.30295,107.28648
15,plan,1,130,107.09568,107.09565,107.0789
15,plan,1,140,106.89044,106.89041,106.87351
15,plan,1,150,106.68713,106.6871,106.67016
15,plan,1,160,106.48564,106.48561,106.46873
15,plan,1,170,106.28586,106.28583,106.2691
15,plan,1,180,106.08767,106.08764,106.07115
15,plan,1,190,105.89096,105.89093,105.87476
15,plan,1,200,105.69563,105.6956,105.67982
15,plan,1,210,105.50158,105.50155,105.48622
15,plan,1,220,105.30869,105.30867,105.29385
15,plan,1,230,105.11688,105.11685,105.10259
15,plan,1,240,104.92604,104.92601,104.91236
15,plan,1,250,104.73607,104.73604,104.72304
15,plan,1,260,104.54687,104.54685,104.53452
15,plan,1,270,104.35836,104.35834,104.34672
15,plan,1,280,104.17044,104.17042,104.15954
15,plan,1,290,103.98302,103.983,103.97286
15,plan,1,300,103.796,103.79598,103.7866
15,plan,1,310,103.6093,103.60928,103.60066
15,plan,1,320,103.42281,103.4228,103.41495
15,plan,1,330,103.23646,103.23645,103.22936
15,plan,1,340,103.05016,103.05014,103.04381
15,plan,1,350,102.8638,102.86379,102.8582
15,plan,1,360,102.67731,102.6773,102.67243
15,plan,1,370,102.49059,102.49058,102.4864
15,plan,1,380,102.30355,102.30354,102.30003
15,plan,1,390,102.1161,102.11609,102.11321
15,plan,1,400,101.92814,101.92814,101.92584
15,plan,1,410,101.7396,101.73959,101.73784
15,plan,1,420,101.55036,101.55036,101.54909
15,plan,1,430,101.36034,101.36034,101.3595
15,plan,1,440,101.16944,101.16944,101.16897
15,plan,1,450,100.97756,100.97756,100.97739
15,plan,1,460,100.78461,100.78461,100.78466
15,plan,1,470,100.59048,100.59048,100.59066
15,plan,1,480,100.39507,100.39507,100.3953
15,plan,1,490,100.19828,100.19828,100.19845
15,plan,1,500,100,100,100
15,plan,2,0,105,105,105
15,plan,2,10,104.98279,104.98279,104.98538
15,plan,2,20,104.96175,104.96176,104.96667
15,plan,2,30,104.93707,104.93709,104.94405
15,plan,2,40,104.90892,104.90893,104.91773
15,plan,2,50,104.87745,104.87747,104.88787
15,plan,2,60,104.84282,104.84284,104.85464
15,plan,2,70,104.80519,104.80522,104.81821
15,plan,2,80,104.76471,104.76474,104.77874
15,plan,2,90,104.72151,104.72154,104.73639
15,plan,2,100,104.67574,104.67577,104.69131
15,plan,2,110,104.62753,104.62756,104.64364
15,plan,2,120,104.57701,104.57705,104.59352
15,plan,2,130,104.52432,104.52435,104.5411
15,plan,2,140,104.46956,104.46959,104.48649
15,plan,2,150,104.41287,104.4129,104.42984
15,plan,2,160,104.35436,104.35439,104.37127
15,plan,2,170,104.29414,104.29417,104.3109
15,plan,2,180,104.23233,104.23236,104.24885
15,plan,2,190,104.16904,104.16907,104.18524
15,plan,2,200,104.10437,104.1044,104.12018
15,plan,2,210,104.03842,104.03845,104.05378
15,plan,2,220,103.97131,103.97133,103.98615
15,plan,2,230,103.90312,103.90315,103.91741
15,plan,2,240,103.83396,103.83399,103.84764
15,plan,2,250,103.76393,103.76396,103.77696
15,plan,2,260,103.69313,103.69315,103.70548
15,plan,2,270,103.62164,103.62166,103.63328
15,plan,2,280,103.54956,103.54958,103.56046
15,plan,2,290,103.47698,103.477,103.48714
15,plan,2,300,103.404,103.40402,103.4134
15,plan,2,310,103.3307,103.33072,103.33934
15,plan,2,320,103.25719,103.2572,103.26505
15,plan,2,330,103.18354,103.18355,103.19064
15,plan,2,340,103.10984,103.10986,103.11619
15,plan,2,350,103.0362,103.03621,103.0418
15,plan,2,360,102.96269,102.9627,102.96757
15,plan,2,370,102.88941,102.88942,102.8936
15,plan,2,380,102.81645,102.81646,102.81997
15,plan,2,390,102.7439,102.74391,102.74679
15,plan,2,400,102.67186,102.67186,102.67416
15,plan,2,410,102.6004,102.60041,102.60216
15,plan,2,420,102.52964,102.52964,102.53091
15,plan,2,430,102.45966,102.45966,102.4605
15,plan,2,440,102.39056,102.39056,102.39103
15,plan,2,450,102.32244,102.32244,102.32261
15,plan,2,460,102.25539,102.25539,102.25534
15,plan,2,470,102.18952,102.18952,102.18934
15,plan,2,480,102.12493,102.12493,102.1247
15,plan,2,490,102.06172,102.06172,102.06155
15,plan,2,500,102,102,102
15,area,1,0,110,110,110
15,area,1,10,109.75594,109.75593,109.75462
15,area,1,20,109.51583,109.51582,109.51333
15,area,1,30,109.27949,109.27947,109.27595
15,area,1,40,109.04674,109.04672,109.04227
15,area,1,50,108.81741,108.81739,108.81213
15,area,1,60,108.59135,108.59133,108.58536
15,area,1,70,108.36838,108.36836,108.36179
15,area,1,80,108.14837,108.14834,108.14126
15,area,1,90,107.93114,107.93111,107.92361
15,area,1,100,107.71657,107.71654,107.70869
15,area,1,110,107.50451,107.50448,107.49636
15,area,1,120,107.29483,107.2948,107.28648
15,area,1,130,107.08739,107.08736,107.0789
15,area,1,140,106.88207,106.88204,106.87351
15,area,1,150,106.67874,106.67871,106.67016
15,area,1,160,106.47728,106.47725,106.46873
15,area,1,170,106.27757,106.27754,106.2691
15,area,1,180,106.0795,106.07946,106.07115
15,area,1,190,105.88295,105.88291,105.87476
15,area,1,200,105.68781,105.68778,105.67982
15,area,1,210,105.49397,105.49394,105.48622
15,area,1,220,105.30134,105.30131,105.29385
15,area,1,230,105.1098,105.10977,105.10259
15,area,1,240,104.91926,104.91923,104.91236
15,area,1,250,104.72961,104.72958,104.72304
15,area,1,260,104.54075,104.54072,104.53452
15,area,1,270,104.35259,104.35257,104.34672
15,area,1,280,104.16503,104.16501,104.15954
15,area,1,290,103.97798,103.97796,103.97286
15,area,1,300,103.79133,103.79131,103.7866
15,area,1,310,103.60501,103.60499,103.60066
15,area,1,320,103.4189,103.41889,103.41495
15,area,1,330,103.23293,103.23292,103.22936
15,area,1,340,103.047,103.04698,103.04381
15,area,1,350,102.86101,102.861,102.8582
15,area,1,360,102.67487,102.67486,102.67243
15,area,1,370,102.48849,102.48849,102.4864
15,area,1,380,102.30178,102.30178,102.30003
15,area,1,390,102.11464,102.11464,102.11321
15,area,1,400,101.92698,101.92698,101.92584
15,area,1,410,101.73871,101.7387,101.73784
15,area,1,420,101.54971,101.54971,101.54909
15,area,1,430,101.35991,101.35991,101.3595
15,area,1,440,101.16919,101.16919,101.16897
15,area,1,450,100.97746,100.97746,100.97739
15,area,1,460,100.78462,100.78462,100.78466
15,area,1,470,100.59056,100.59056,100.59066
15,area,1,480,100.39518,100.39518,100.3953
15,area,1,490,100.19836,100.19836,100.19845
15,area,1,500,100,100,100
15,area,2,0,105,105,105
15,area,2,10,104.98406,104.98407,104.98538
15,area,2,20,104.96417,104.96418,104.96667
15,area,2,30,104.94051,104.94053,104.94405
15,area,2,40,104.91326,104.91328,104.91773
15,area,2,50,104.88259,104.88261,104.88787
15,area,2,60,104.84865,104.84867,104.85464
15,area,2,70,104.81162,104.81164,104.81821
15,area,2,80,104.77163,104.77166,104.77874
15,area,2,90,104.72886,104.72889,104.73639
15,area,2,100,104.68343,104.68346,104.69131
15,area,2,110,104.63549,104.63552,104.64364
15,area,2,120,104.58517,104.5852,104.59352
15,area,2,130,104.53261,104.53264,104.5411
15,area,2,140,104.47793,104.47796,104.48649
15,area,2,150,104.42126,104.42129,104.42984
15,area,2,160,104.36272,104.36275,104.37127
15,area,2,170,104.30243,104.30246,104.3109
15,area,2,180,104.2405,104.24054,104.24885
15,area,2,190,104.17705,104.17709,104.18524
15,area,2,200,104.11219,104.11222,104.12018
15,area,2,210,104.04603,104.04606,104.05378
15,area,2,220,103.97866,103.97869,103.98615
15,area,2,230,103.9102,103.91023,103.91741
15,area,2,240,103.84074,103.84077,103.84764
15,area,2,250,103.77039,103.77042,103.77696
15,area,2,260,103.69925,103.69928,103.70548
15,area,2,270,103.62741,103.62743,103.63328
15,area,2,280,103.55497,103.55499,103.56046
15,area,2,290,103.48202,103.48204,103.48714
15,area,2,300,103.40867,103.40869,103.4134
15,area,2,310,103.33499,103.33501,103.33934
15,area,2,320,103.2611,103.26111,103.26505
15,area,2,330,103.18707,103.18708,103.19064
15,area,2,340,103.113,103.11302,103.11619
15,area,2,350,103.03899,103.039,103.0418
15,area,2,360,102.96513,102.96514,102.96757
15,area,2,370,102.89151,102.89151,102.8936
15,area,2,380,102.81822,102.81822,102.81997
15,area,2,390,102.74536,102.74536,102.74679
15,area,2,400,102.67302,102.67302,102.67416
15,area,2,410,102.60129,102.6013,102.60216
15,area,2,420,102.53029,102.53029,102.53091
15,area,2,430,102.46009,102.46009,102.4605
15,area,2,440,102.39081,102.39081,102.39103
15,area,2,450,102.32254,102.32254,102.32261
15,area,2,460,102.25538,102.25538,102.25534
15,area,2,470,102.18944,102.18944,102.18934
15,area,2,480,102.12482,102.12482,102.1247
15,area,2,490,102.06164,102.06164,102.06155
15,area,2,500,102,102,102
15,full,1,0,110,110,110
15,full,1,10,109.75463,109.75462,109.75462
15,full,1,20,109.51334,109.51333,109.51333
15,full,1,30,109.27596,109.27595,109.27595
15,full,1,40,109.04229,109.04227,109.04227
15,full,1,50,108.81216,108.81213,108.81213
15,full,1,60,108.58539,108.58536,108.58536
15,full,1,70,108.36182,108.36179,108.36179
15,full,1,80,108.14129,108.14126,108.14126
15,full,1,90,107.92364,107.92361,107.92361
15,full,1,100,107.70872,107.70869,107.70869
15,full,1,110,107.49639,107.49636,107.49636
15,full,1,120,107.28651,107.28648,107.28648
15,full,1,130,107.07894,107.0789,107.0789
15,full,1,140,106.87354,106.87351,106.87351
15,full,1,150,106.67019,106.67016,106.67016
15,full,1,160,106.46876,106.46873,106.46873
15,full,1,170,106.26913,106.2691,106.2691
15,full,1,180,106.07118,106.07115,106.07115
15,full,1,190,105.87479,105.87476,105.87476
15,full,1,200,105.67985,105.67982,105.67982
15,full,1,210,105.48625,105.48622,105.48622
15,full,1,220,105.29388,105.29385,105.29385
15,full,1,230,105.10262,105.10259,105.10259
15,full,1,240,104.91239,104.91236,104.91236
15,full,1,250,104.72306,104.72304,104.72304
15,full,1,260,104.53455,104.53452,104.53452
15,full,1,270,104.34675,104.34672,104.34672
15,full,1,280,104.15956,104.15954,104.15954
15,full,1,290,103.97288,103.97286,103.97286
15,full,1,300,103.78662,103.7866,103.7866
15,full,1,310,103.60068,103.60066,103.60066
15,full,1,320,103.41497,103.41495,103.41495
15,full,1,330,103.22938,103.22936,103.22936
15,full,1,340,103.04383,103.04381,103.04381
15,full,1,350,102.85821,102.8582,102.8582
15,full,1,360,102.67244,102.67243,102.67243
15,full,1,370,102.48641,102.4864,102.4864
15,full,1,380,102.30003,102.30003,102.30003
15,full,1,390,102.11321,102.11321,102.11321
15,full,1,400,101.92585,101.92584,101.92584
15,full,1,410,101.73784,101.73784,101.73784
15,full,1,420,101.54909,101.54909,101.54909
15,full,1,430,101.35951,101.3595,101.3595
15,full,1,440,101.16897,101.16897,101.16897
15,full,1,450,100.97739,100.97739,100.97739
15,full,1,460,100.78466,100.78466,100.78466
15,full,1,470,100.59066,100.59066,100.59066
15,full,1,480,100.3953,100.3953,100.3953
15,full,1,490,100.19845,100.19845,100.19845
15,full,1,500,100,100,100
15,full,2,0,105,105,105
15,full,2,10,104.98537,104.98538,104.98538
15,full,2,20,104.96666,104.96667,104.96667
15,full,2,30,104.94404,104.94405,104.94405
15,full,2,40,104.91771,104.91773,104.91773
15,full,2,50,104.88784,104.88787,104.88787
15,full,2,60,104.85461,104.85464,104.85464
15,full,2,70,104.81818,104.81821,104.81821
15,full,2,80,104.77871,104.77874,104.77874
15,full,2,90,104.73636,104.73639,104.73639
15,full,2,100,104.69128,104.69131,104.69131
15,full,2,110,104.64361,104.64364,104.64364
15,full,2,120,104.59349,104.59352,104.59352
15,full,2,130,104.54106,104.5411,104.5411
15,full,2,140,104.48646,104.48649,104.48649
15,full,2,150,104.42981,104.42984,104.42984
15,full,2,160,104.37124,104.37127,104.37127
15,full,2,170,104.31087,104.3109,104.3109
15,full,2,180,104.24882,104.24885,104.24885
15,full,2,190,104.18521,104.18524,104.18524
15,full,2,200,104.12015,104.12018,104.12018
15,full,2,210,104.05375,104.05378,104.05378
15,full,2,220,103.98612,103.98615,103.98615
15,full,2,230,103.91738,103.91741,103.91741
15,full,2,240,103.84761,103.84764,103.84764
15,full,2,250,103.77694,103.77696,103.77696
15,full,2,260,103.70545,103.70548,103.70548
15,full,2,270,103.63325,103.63328,103.63328
15,full,2,280,103.56044,103.56046,103.56046
15,full,2,290,103.48712,103.48714,103.48714
15,full,2,300,103.41338,103.4134,103.4134
15,full,2,310,103.33932,103.33934,103.33934
15,full,2,320,103.26503,103.26505,103.26505
15,full,2,330,103.19062,103.19064,103.19064
15,full,2,340,103.11617,103.11619,103.11619
15,full,2,350,103.04179,103.0418,103.0418
15,full,2,360,102.96756,102.96757,102.96757
15,full,2,370,102.89359,102.8936,102.8936
15,full,2,380,102.81997,102.81997,102.81997
15,full,2,390,102.74679,102.74679,102.74679
15,full,2,400,102.67415,102.67416,102.67416
15,full,2,410,102.60216,102.60216,102.60216
15,full,2,420,102.53091,102.53091,102.53091
15,full,2,430,102.46049,102.4605,102.4605
15,full,2,440,102.39103,102.39103,102.39103
15,full,2,450,102.32261,102.32261,102.32261
15,full,2,460,102.25534,102.25534,102.25534
15,full,2,470,102.18934,102.18934,102.18934
15,full,2,480,102.1247,102.1247,102.1247
15,full,2,490,102.06155,102.06155,102.06155
15,full,2,500,102,102,102
20,plan,1,0,110,110,110
20,plan,1,10,109.75721,109.75721,109.75247
20,plan,1,20,109.51825,109.51824,109.50926
20,plan,1,30,109.28293,109.28291,109.27017
20,plan,1,40,109.05108,109.05107,109.03498
20,plan,1,50,108.82255,108.82253,108.80353
20,plan,1,60,108.59718,108.59716,108.57561
20,plan,1,70,108.37481,108.37478,108.35105
20,plan,1,80,108.15529,108.15526,108.12969
20,plan,1,90,107.93849,107.93846,107.91135
20,plan,1,100,107.72426,107.72423,107.69588
20,plan,1,110,107.51247,107.51244,107.48312
20,plan,1,120,107.30299,107.30295,107.27292
20,plan,1,130,107.09568,107.09565,107.06513
20,plan,1,140,106.89044,106.89041,106.85962
20,plan,1,150,106.68713,106.6871,106.65625
20,plan,1,160,106.48564,106.48561,106.45488
20,plan,1,170,106.28586,106.28583,106.25539
20,plan,1,180,106.08767,106.08764,106.05765
20,plan,1,190,105.89096,105.89093,105.86153
20,plan,1,200,105.69563,105.6956,105.66692
20,plan,1,210,105.50158,105.50155,105.4737
20,plan,1,220,105.30869,105.30867,105.28176
20,plan,1,230,105.11688,105.11685,105.09098
20,plan,1,240,104.92604,104.92601,104.90125
20,plan,1,250,104.73607,104.73604,104.71247
20,plan,1,260,104.54687,104.54685,104.52452
20,plan,1,270,104.35836,104.35834,104.33731
20,plan,1,280,104.17044,104.17042,104.15073
20,plan,1,290,103.98302,103.983,103.96467
20,plan,1,300,103.796,103.79598,103.77904
20,plan,1,310,103.6093,103.60928,103.59374
20,plan,1,320,103.42281,103.4228,103.40865
20,plan,1,330,103.23646,103.23645,103.2237
20,plan,1,340,103.05016,103.05014,103.03876
20,plan,1,350,102.8638,102.86379,102.85376
20,plan,1,360,102.67731,102.6773,102.66857
20,plan,1,370,102.49059,102.49058,102.48312
20,plan,1,380,102.30355,102.30354,102.29729
20,plan,1,390,102.1161,102.11609,102.11098
20,plan,1,400,101.92814,101.92814,101.92409
20,plan,1,410,101.7396,101.73959,101.73653
20,plan,1,420,101.55036,101.55036,101.54818
20,plan,1,430,101.36034,101.36034,101.35893
20,plan,1,440,101.16944,101.16944,101.16869
20,plan,1,450,100.97756,100.97756,100.97734
20,plan,1,460,100.78461,100.78461,100.78477
20,plan,1,470,100.59048,100.59048,100.59087
20,plan,1,480,100.39507,100.39507,100.39552
20,plan,1,490,100.19828,100.19828,100.1986
20,plan,1,500,100,100,100
20,plan,2,0,105,105,105
20,plan,2,10,104.98279,104.98279,104.98753
20,plan,2,20,104.96175,104.96176,104.97074
20,plan,2,30,104.93707,104.93709,104.94983
20,plan,2,40,104.90892,104.90893,104.92502
20,plan,2,50,104.87745,104.87747,104.89647
20,plan,2,60,104.84282,104.84284,104.86439
20,plan,2,70,104.80519,104.80522,104.82895
20,plan,2,80,104.76471,104.76474,104.79031
20,plan,2,90,104.72151,104.72154,104.74865
20,plan,2,100,104.67574,104.67577,104.70412
20,plan,2,110,104.62753,104.62756,104.65688
20,plan,2,120,104.57701,104.57705,104.60708
20,plan,2,130,104.52432,104.52435,104.55487
20,plan,2,140,104.46956,104.46959,104.50038
20,plan,2,150,104.41287,104.4129,104.44375
20,plan,2,160,104.35436,104.35439,104.38512
20,plan,2,170,104.29414,104.29417,104.32461
20,plan,2,180,104.23233,104.23236,104.26235
20,plan,2,190,104.16904,104.16907,104.19847
20,plan,2,200,104.10437,104.1044,104.13308
20,plan,2,210,104.03842,104.03845,104.0663
20,plan,2,220,103.97131,103.97133,103.99824
20,plan,2,230,103.90312,103.90315,103.92902
20,plan,2,240,103.83396,103.83399,103.85875
20,plan,2,250,103.76393,103.76396,103.78753
20,plan,2,260,103.69313,103.69315,103.71548
20,plan,2,270,103.62164,103.62166,103.64269
20,plan,2,280,103.54956,103.54958,103.56927
20,plan,2,290,103.47698,103.477,103.49533
20,plan,2,300,103.404,103.40402,103.42096
20,plan,2,310,103.3307,103.33072,103.34626
20,plan,2,320,103.25719,103.2572,103.27135
20,plan,2,330,103.18354,103.18355,103.1963
20,plan,2,340,103.10984,103.10986,103.12124
20,plan,2,350,103.0362,103.03621,103.04624
20,plan,2,360,102.96269,102.9627,102.97143
20,plan,2,370,102.88941,102.88942,102.89688
20,plan,2,380,102.81645,102.81646,102.82271
20,plan,2,390,102.7439,102.74391,102.74902
20,plan,2,400,102.67186,102.67186,102.67591
20,plan,2,410,102.6004,102.60041,102.60347
20,plan,2,420,102.52964,102.52964,102.53182
20,plan,2,430,102.45966,102.45966,102.46107
20,plan,2,440,102.39056,102.39056,102.39131
20,plan,2,450,102.32244,102.32244,102.32266
20,plan,2,460,102.25539,102.25539,102.25523
20,plan,2,470,102.18952,102.18952,102.18913
20,plan,2,480,102.12493,102.12493,102.12448
20,plan,2,490,102.06172,102.06172,102.0614
20,plan,2,500,102,102,102
20,area,1,0,110,110,110
20,area,1,10,109.7549,109.75489,109.75247
20,area,1,20,109.51386,109.51385,109.50926
20,area,1,30,109.27669,109.27668,109.27017
20,area,1,40,109.04321,109.0432,109.03498
20,area,1,50,108.81325,108.81323,108.80353
20,area,1,60,108.58663,108.5866,108.57561
20,area,1,70,108.36318,108.36315,108.35105
20,area,1,80,108.14276,108.14273,108.12969
20,area,1,90,107.9252,107.92516,107.91135
20,area,1,100,107.71035,107.71032,107.69588
20,area,1,110,107.49808,107.49805,107.48312
20,area,1,120,107.28824,107.2882,107.27292
20,area,1,130,107.08069,107.08066,107.06513
20,area,1,140,106.87531,106.87528,106.85962
20,area,1,150,106.67197,106.67193,106.65625
20,area,1,160,106.47053,106.47049,106.45488
20,area,1,170,106.27088,106.27085,106.25539
20,area,1,180,106.0729,106.07287,106.05765
20,area,1,190,105.87648,105.87645,105.86153
20,area,1,200,105.6815,105.68147,105.66692
20,area,1,210,105.48785,105.48782,105.4737
20,area,1,220,105.29542,105.29539,105.28176
20,area,1,230,105.10411,105.10408,105.09098
20,area,1,240,104.91381,104.91378,104.90125
20,area,1,250,104.72442,104.72439,104.71247
20,area,1,260,104.53583,104.53581,104.52452
20,area,1,270,104.34796,104.34793,104.33731
20,area,1,280,104.16069,104.16067,104.15073
20,area,1,290,103.97393,103.97391,103.96467
20,area,1,300,103.78759,103.78757,103.77904
20,area,1,310,103.60157,103.60156,103.59374
20,area,1,320,103.41578,103.41576,103.40865
20,area,1,330,103.23011,103.2301,103.2237
20,area,1,340,103.04448,103.04447,103.03876
20,area,1,350,102.85879,102.85877,102.85376
20,area,1,360,102.67294,102.67293,102.66857
20,area,1,370,102.48684,102.48683,102.48312
20,area,1,380,102.30039,102.30039,102.29729
20,area,1,390,102.11351,102.1135,102.11098
20,area,1,400,101.92608,101.92608,101.92409
20,area,1,410,101.73802,101.73801,101.73653
20,area,1,420,101.54922,101.54922,101.54818
20,area,1,430,101.35959,101.35958,101.35893
20,area,1,440,101.16902,101.16901,101.16869
20,area,1,450,100.9774,100.9774,100.97734
20,area,1,460,100.78465,100.78465,100.78477
20,area,1,470,100.59064,100.59064,100.59087
20,area,1,480,100.39527,100.39527,100.39552
20,area,1,490,100.19843,100.19843,100.1986
20,area,1,500,100,100,100
20,area,2,0,105,105,105
20,area,2,10,104.9851,104.98511,104.98753
20,area,2,20,104.96614,104.96615,104.97074
20,area,2,30,104.94331,104.94332,104.94983
20,area,2,40,104.91679,104.9168,104.92502
20,area,2,50,104.88675,104.88677,104.89647
20,area,2,60,104.85337,104.8534,104.86439
20,area,2,70,104.81682,104.81685,104.82895
20,area,2,80,104.77724,104.77727,104.79031
20,area,2,90,104.7348,104.73484,104.74865
20,area,2,100,104.68965,104.68968,104.70412
20,area,2,110,104.64192,104.64195,104.65688
20,area,2,120,104.59176,104.5918,104.60708
20,area,2,130,104.53931,104.53934,104.55487
20,area,2,140,104.48469,104.48472,104.50038
20,area,2,150,104.42803,104.42807,104.44375
20,area,2,160,104.36947,104.36951,104.38512
20,area,2,170,104.30912,104.30915,104.32461
20,area,2,180,104.2471,104.24713,104.26235
20,area,2,190,104.18352,104.18355,104.19847
20,area,2,200,104.1185,104.11853,104.13308
20,area,2,210,104.05215,104.05218,104.0663
20,area,2,220,103.98458,103.98461,103.99824
20,area,2,230,103.91589,103.91592,103.92902
20,area,2,240,103.84619,103.84622,103.85875
20,area,2,250,103.77558,103.77561,103.78753
20,area,2,260,103.70417,103.70419,103.71548
20,area,2,270,103.63204,103.63207,103.64269
20,area,2,280,103.55931,103.55933,103.56927
20,area,2,290,103.48607,103.48609,103.49533
20,area,2,300,103.41241,103.41243,103.42096
20,area,2,310,103.33843,103.33844,103.34626
20,area,2,320,103.26422,103.26424,103.27135
20,area,2,330,103.18989,103.1899,103.1963
20,area,2,340,103.11552,103.11553,103.12124
20,area,2,350,103.04121,103.04123,103.04624
20,area,2,360,102.96706,102.96707,102.97143
20,area,2,370,102.89316,102.89317,102.89688
20,area,2,380,102.81961,102.81961,102.82271
20,area,2,390,102.74649,102.7465,102.74902
20,area,2,400,102.67392,102.67392,102.67591
20,area,2,410,102.60198,102.60199,102.60347
20,area,2,420,102.53078,102.53078,102.53182
20,area,2,430,102.46041,102.46042,102.46107
20,area,2,440,102.39098,102.39099,102.39131
20,area,2,450,102.3226,102.3226,102.32266
20,area,2,460,102.25535,102.25535,102.25523
20,area,2,470,102.18936,102.18936,102.18913
20,area,2,480,102.12473,102.12473,102.12448
20,area,2,490,102.06157,102.06157,102.0614
20,area,2,500,102,102,102
20,full,1,0,110,110,110
20,full,1,10,109.75248,109.75247,109.75247
20,full,1,20,109.50927,109.50926,109.50926
20,full,1,30,109.27018,109.27017,109.27017
20,full,1,40,109.035,109.03498,109.03498
20,full,1,50,108.80355,108.80353,108.80353
20,full,1,60,108.57564,108.57561,108.57561
20,full,1,70,108.35108,108.35105,108.35105
20,full,1,80,108.12972,108.12969,108.12969
20,full,1,90,107.91139,107.91135,107.91135
20,full,1,100,107.69591,107.69588,107.69588
20,full,1,110,107.48315,107.48312,107.48312
20,full,1,120,107.27296,107.27292,107.27292
20,full,1,130,107.06517,107.06513,107.06513
20,full,1,140,106.85966,106.85962,106.85962
20,full,1,150,106.65629,106.65625,106.65625
20,full,1,160,106.45492,106.45488,106.45488
20,full,1,170,106.25543,106.25539,106.25539
20,full,1,180,106.05769,106.05765,106.05765
20,full,1,190,105.86157,105.86153,105.86153
20,full,1,200,105.66696,105.66692,105.66692
20,full,1,210,105.47374,105.4737,105.4737
20,full,1,220,105.28179,105.28176,105.28176
20,full,1,230,105.09101,105.09098,105.09098
20,full,1,240,104.90128,104.90125,104.90125
20,full,1,250,104.7125,104.71247,104.71247
20,full,1,260,104.52455,104.52452,104.52452
20,full,1,270,104.33734,104.33731,104.33731
20,full,1,280,104.15075,104.15073,104.15073
20,full,1,290,103.96469,103.96467,103.96467
20,full,1,300,103.77906,103.77904,103.77904
20,full,1,310,103.59375,103.59374,103.59374
20,full,1,320,103.40867,103.40865,103.40865
20,full,1,330,103.22371,103.2237,103.2237
20,full,1,340,103.03878,103.03876,103.03876
20,full,1,350,102.85377,102.85376,102.85376
20,full,1,360,102.66858,102.66857,102.66857
20,full,1,370,102.48313,102.48312,102.48312
20,full,1,380,102.29729,102.29729,102.29729
20,full,1,390,102.11099,102.11098,102.11098
20,full,1,400,101.9241,101.92409,101.92409
20,full,1,410,101.73653,101.73653,101.73653
20,full,1,420,101.54818,101.54818,101.54818
20,full,1,430,101.35893,101.35893,101.35893
20,full,1,440,101.16869,101.16869,101.16869
20,full,1,450,100.97734,100.97734,100.97734
20,full,1,460,100.78477,100.78477,100.78477
20,full,1,470,100.59087,100.59087,100.59087
20,full,1,480,100.39552,100.39552,100.39552
20,full,1,490,100.1986,100.1986,100.1986
20,full,1,500,100,100,100
20,full,2,0,105,105,105
20,full,2,10,104.98752,104.98753,104.98753
20,full,2,20,104.97073,104.97074,104.97074
20,full,2,30,104.94982,104.94983,104.94983
20,full,2,40,104.925,104.92502,104.92502
20,full,2,50,104.89645,104.89647,104.89647
20,full,2,60,104.86436,104.86439,104.86439
20,full,2,70,104.82892,104.82895,104.82895
20,full,2,80,104.79028,104.79031,104.79031
20,full,2,90,104.74861,104.74865,104.74865
20,full,2,100,104.70409,104.70412,104.70412
20,full,2,110,104.65685,104.65688,104.65688
20,full,2,120,104.60704,104.60708,104.60708
20,full,2,130,104.55483,104.55487,104.55487
20,full,2,140,104.50034,104.50038,104.50038
20,full,2,150,104.44371,104.44375,104.44375
20,full,2,160,104.38508,104.38512,104.38512
20,full,2,170,104.32457,104.32461,104.32461
20,full,2,180,104.26231,104.26235,104.26235
20,full,2,190,104.19843,104.19847,104.19847
20,full,2,200,104.13304,104.13308,104.13308
20,full,2,210,104.06626,104.0663,104.0663
20,full,2,220,103.99821,103.99824,103.99824
20,full,2,230,103.92899,103.92902,103.92902
20,full,2,240,103.85872,103.85875,103.85875
20,full,2,250,103.7875,103.78753,103.78753
20,full,2,260,103.71545,103.71548,103.71548
20,full,2,270,103.64266,103.64269,103.64269
20,full,2,280,103.56925,103.56927,103.56927
20,full,2,290,103.49531,103.49533,103.49533
20,full,2,300,103.42094,103.42096,103.42096
20,full,2,310,103.34625,103.34626,103.34626
20,full,2,320,103.27133,103.27135,103.27135
20,full,2,330,103.19629,103.1963,103.1963
20,full,2,340,103.12122,103.12124,103.12124
20,full,2,350,103.04623,103.04624,103.04624
20,full,2,360,102.97142,102.97143,102.97143
20,full,2,370,102.89687,102.89688,102.89688
20,full,2,380,102.82271,102.82271,102.82271
20,full,2,390,102.74901,102.74902,102.74902
20,full,2,400,102.6759,102.67591,102.67591
20,full,2,410,102.60347,102.60347,102.60347
20,full,2,420,102.53182,102.53182,102.53182
20,full,2,430,102.46107,102.46107,102.46107
20,full,2,440,102.39131,102.39131,102.39131
20,full,2,450,102.32266,102.32266,102.32266
20,full,2,460,102.25523,102.25523,102.25523
20,full,2,470,102.18913,102.18913,102.18913
20,full,2,480,102.12448,102.12448,102.12448
20,full,2,490,102.0614,102.0614,102.0614
20,full,2,500,102,102,102
25,plan,1,0,110,110,110
25,plan,1,10,109.75721,109.75721,109.74952
25,plan,1,20,109.51825,109.51824,109.50367
25,plan,1,30,109.28293,109.28291,109.26224
25,plan,1,40,109.05108,109.05107,109.02499
25,plan,1,50,108.82255,108.82253,108.79173
25,plan,1,60,108.59718,108.59716,108.56226
25,plan,1,70,108.37481,108.37478,108.33637
25,plan,1,80,108.15529,108.15526,108.11389
25,plan,1,90,107.93849,107.93846,107.89462
25,plan,1,100,107.72426,107.72423,107.67841
25,plan,1,110,107.51247,107.51244,107.46508
25,plan,1,120,107.30299,107.30295,107.25446
25,plan,1,130,107.09568,107.09565,107.04641
25,plan,1,140,106.89044,106.89041,106.84076
25,plan,1,150,106.68713,106.6871,106.63737
25,plan,1,160,106.48564,106.48561,106.43611
25,plan,1,170,106.28586,106.28583,106.23682
25,plan,1,180,106.08767,106.08764,106.03938
25,plan,1,190,105.89096,105.89093,105.84365
25,plan,1,200,105.69563,105.6956,105.64951
25,plan,1,210,105.50158,105.50155,105.45682
25,plan,1,220,105.30869,105.30867,105.26548
25,plan,1,230,105.11688,105.11685,105.07535
25,plan,1,240,104.92604,104.92601,104.88632
25,plan,1,250,104.73607,104.73604,104.69829
25,plan,1,260,104.54687,104.54685,104.51112
25,plan,1,270,104.35836,104.35834,104.32472
25,plan,1,280,104.17044,104.17042,104.13896
25,plan,1,290,103.98302,103.983,103.95376
25,plan,1,300,103.796,103.79598,103.76898
25,plan,1,310,103.6093,103.60928,103.58454
25,plan,1,320,103.42281,103.4228,103.40032
25,plan,1,330,103.23646,103.23645,103.21622
25,plan,1,340,103.05016,103.05014,103.03213
25,plan,1,350,102.8638,102.86379,102.84795
25,plan,1,360,102.67731,102.6773,102.66356
25,plan,1,370,102.49059,102.49058,102.47888
25,plan,1,380,102.30355,102.30354,102.29378
25,plan,1,390,102.1161,102.11609,102.10816
25,plan,1,400,101.92814,101.92814,101.92192
25,plan,1,410,101.7396,101.73959,101.73494
25,plan,1,420,101.55036,101.55036,101.54711
25,plan,1,430,101.36034,101.36034,101.35832
25,plan,1,440,101.16944,101.16944,101.16846
25,plan,1,450,100.97756,100.97756,100.9774
25,plan,1,460,100.78461,100.78461,100.78504
25,plan,1,470,100.59048,100.59048,100.59124
25,plan,1,480,100.39507,100.39507,100.39589
25,plan,1,490,100.19828,100.19828,100.19885
25,plan,1,500,100,100,100
25,plan,2,0,105,105,105
25,plan,2,10,104.98279,104.98279,104.99048
25,plan,2,20,104.96175,104.96176,104.97633
25,plan,2,30,104.93707,104.93709,104.95776
25,plan,2,40,104.90892,104.90893,104.93501
25,plan,2,50,104.87745,104.87747,104.90827
25,plan,2,60,104.84282,104.84284,104.87774
25,plan,2,70,104.80519,104.80522,104.84363
25,plan,2,80,104.76471,104.76474,104.80611
25,plan,2,90,104.72151,104.72154,104.76538
25,plan,2,100,104.67574,104.67577,104.72159
25,plan,2,110,104.62753,104.62756,104.67492
25,plan,2,120,104.57701,104.57705,104.62554
25,plan,2,130,104.52432,104.52435,104.57359
25,plan,2,140,104.46956,104.46959,104.51924
25,plan,2,150,104.41287,104.4129,104.46263
25,plan,2,160,104.35436,104.35439,104.40389
25,plan,2,170,104.29414,104.29417,104.34318
25,plan,2,180,104.23233,104.23236,104.28062
25,plan,2,190,104.16904,104.16907,104.21635
25,plan,2,200,104.10437,104.1044,104.15049
25,plan,2,210,104.03842,104.03845,104.08318
25,plan,2,220,103.97131,103.97133,104.01452
25,plan,2,230,103.90312,103.90315,103.94465
25,plan,2,240,103.83396,103.83399,103.87368
25,plan,2,250,103.76393,103.76396,103.80171
25,plan,2,260,103.69313,103.69315,103.72888
25,plan,2,270,103.62164,103.62166,103.65528
25,plan,2,280,103.54956,103.54958,103.58104
25,plan,2,290,103.47698,103.477,103.50624
25,plan,2,300,103.404,103.40402,103.43102
25,plan,2,310,103.3307,103.33072,103.35546
25,plan,2,320,103.25719,103.2572,103.27968
25,plan,2,330,103.18354,103.18355,103.20378
25,plan,2,340,103.10984,103.10986,103.12787
25,plan,2,350,103.0362,103.03621,103.05205
25,plan,2,360,102.96269,102.9627,102.97644
25,plan,2,370,102.88941,102.88942,102.90112
25,plan,2,380,102.81645,102.81646,102.82622
25,plan,2,390,102.7439,102.74391,102.75184
25,plan,2,400,102.67186,102.67186,102.67808
25,plan,2,410,102.6004,102.60041,102.60506
25,plan,2,420,102.52964,102.52964,102.53289
25,plan,2,430,102.45966,102.45966,102.46168
25,plan,2,440,102.39056,102.39056,102.39154
25,plan,2,450,102.32244,102.32244,102.3226
25,plan,2,460,102.25539,102.25539,102.25496
25,plan,2,470,102.18952,102.18952,102.18876
25,plan,2,480,102.12493,102.12493,102.12411
25,plan,2,490,102.06172,102.06172,102.06115
25,plan,2,500,102,102,102
25,area,1,0,110,110,110
25,area,1,10,109.75351,109.7535,109.74952
25,area,1,20,109.51122,109.51121,109.50367
25,area,1,30,109.27294,109.27293,109.26224
25,area,1,40,109.03848,109.03846,109.02499
25,area,1,50,108.80766,108.80763,108.79173
25,area,1,60,108.58029,108.58026,108.56226
25,area,1,70,108.3562,108.35617,108.33637
25,area,1,80,108.13524,108.13521,108.11389
25,area,1,90,107.91723,107.9172,107.89462
25,area,1,100,107.70202,107.70199,107.67841
25,area,1,110,107.48947,107.48943,107.46508
25,area,1,120,107.27942,107.27938,107.25446
25,area,1,130,107.07173,107.07169,107.04641
25,area,1,140,106.86627,106.86624,106.84076
25,area,1,150,106.66291,106.66287,106.63737
25,area,1,160,106.46151,106.46148,106.43611
25,area,1,170,106.26195,106.26192,106.23682
25,area,1,180,106.06411,106.06407,106.03938
25,area,1,190,105.86786,105.86783,105.84365
25,area,1,200,105.67309,105.67306,105.64951
25,area,1,210,105.47969,105.47966,105.45682
25,area,1,220,105.28754,105.28751,105.26548
25,area,1,230,105.09653,105.0965,105.07535
25,area,1,240,104.90656,104.90653,104.88632
25,area,1,250,104.71752,104.71749,104.69829
25,area,1,260,104.5293,104.52927,104.51112
25,area,1,270,104.3418,104.34178,104.32472
25,area,1,280,104.15493,104.15491,104.13896
25,area,1,290,103.96858,103.96856,103.95376
25,area,1,300,103.78265,103.78263,103.76898
25,area,1,310,103.59704,103.59702,103.58454
25,area,1,320,103.41165,103.41164,103.40032
25,area,1,330,103.22639,103.22638,103.21622
25,area,1,340,103.04116,103.04115,103.03213
25,area,1,350,102.85587,102.85585,102.84795
25,area,1,360,102.6704,102.67039,102.66356
25,area,1,370,102.48467,102.48467,102.47888
25,area,1,380,102.29858,102.29858,102.29378
25,area,1,390,102.11203,102.11202,102.10816
25,area,1,400,101.92492,101.92491,101.92192
25,area,1,410,101.73714,101.73714,101.73494
25,area,1,420,101.5486,101.5486,101.54711
25,area,1,430,101.35919,101.35919,101.35832
25,area,1,440,101.16881,101.16881,101.16846
25,area,1,450,100.97735,100.97735,100.9774
25,area,1,460,100.78471,100.78471,100.78504
25,area,1,470,100.59076,100.59076,100.59124
25,area,1,480,100.39541,100.39541,100.39589
25,area,1,490,100.19853,100.19853,100.19885
25,area,1,500,100,100,100
25,area,2,0,105,105,105
25,area,2,10,104.98649,104.9865,104.99048
25,area,2,20,104.96878,104.96879,104.97633
25,area,2,30,104.94706,104.94707,104.95776
25,area,2,40,104.92152,104.92154,104.93501
25,area,2,50,104.89234,104.89237,104.90827
25,area,2,60,104.85971,104.85974,104.87774
25,area,2,70,104.8238,104.82383,104.84363
25,area,2,80,104.78476,104.78479,104.80611
25,area,2,90,104.74277,104.7428,104.76538
25,area,2,100,104.69798,104.69801,104.72159
25,area,2,110,104.65053,104.65057,104.67492
25,area,2,120,104.60058,104.60062,104.62554
25,area,2,130,104.54827,104.54831,104.57359
25,area,2,140,104.49373,104.49376,104.51924
25,area,2,150,104.43709,104.43713,104.46263
25,area,2,160,104.37849,104.37852,104.40389
25,area,2,170,104.31805,104.31808,104.34318
25,area,2,180,104.25589,104.25593,104.28062
25,area,2,190,104.19214,104.19217,104.21635
25,area,2,200,104.12691,104.12694,104.15049
25,area,2,210,104.06031,104.06034,104.08318
25,area,2,220,103.99246,103.99249,104.01452
25,area,2,230,103.92347,103.9235,103.94465
25,area,2,240,103.85344,103.85347,103.87368
25,area,2,250,103.78248,103.78251,103.80171
25,area,2,260,103.7107,103.71073,103.72888
25,area,2,270,103.6382,103.63822,103.65528
25,area,2,280,103.56507,103.56509,103.58104
25,area,2,290,103.49142,103.49144,103.50624
25,area,2,300,103.41735,103.41737,103.43102
25,area,2,310,103.34296,103.34298,103.35546
25,area,2,320,103.26835,103.26836,103.27968
25,area,2,330,103.19361,103.19362,103.20378
25,area,2,340,103.11884,103.11885,103.12787
25,area,2,350,103.04413,103.04415,103.05205
25,area,2,360,102.9696,102.96961,102.97644
25,area,2,370,102.89533,102.89533,102.90112
25,area,2,380,102.82142,102.82142,102.82622
25,area,2,390,102.74797,102.74798,102.75184
25,area,2,400,102.67508,102.67509,102.67808
25,area,2,410,102.60286,102.60286,102.60506
25,area,2,420,102.5314,102.5314,102.53289
25,area,2,430,102.46081,102.46081,102.46168
25,area,2,440,102.39119,102.39119,102.39154
25,area,2,450,102.32265,102.32265,102.3226
25,area,2,460,102.25529,102.25529,102.25496
25,area,2,470,102.18924,102.18924,102.18876
25,area,2,480,102.12459,102.12459,102.12411
25,area,2,490,102.06147,102.06147,102.06115
25,area,2,500,102,102,102
25,full,1,0,110,110,110
25,full,1,10,109.74952,109.74952,109.74952
25,full,1,20,109.50368,109.50367,109.50367
25,full,1,30,109.26225,109.26224,109.26224
25,full,1,40,109.02502,109.02499,109.02499
25,full,1,50,108.79176,108.79173,108.79173
25,full,1,60,108.56229,108.56226,108.56226
25,full,1,70,108.3364,108.33637,108.33637
25,full,1,80,108.11392,108.11389,108.11389
25,full,1,90,107.89466,107.89462,107.89462
25,full,1,100,107.67845,107.67841,107.67841
25,full,1,110,107.46512,107.46508,107.46508
25,full,1,120,107.2545,107.25446,107.25446
25,full,1,130,107.04645,107.04641,107.04641
25,full,1,140,106.8408,106.84076,106.84076
25,full,1,150,106.63742,106.63737,106.63737
25,full,1,160,106.43615,106.43611,106.43611
25,full,1,170,106.23686,106.23682,106.23682
25,full,1,180,106.03942,106.03938,106.03938
25,full,1,190,105.84369,105.84365,105.84365
25,full,1,200,105.64955,105.64951,105.64951
25,full,1,210,105.45686,105.45682,105.45682
25,full,1,220,105.26551,105.26548,105.26548
25,full,1,230,105.07539,105.07535,105.07535
25,full,1,240,104.88636,104.88632,104.88632
25,full,1,250,104.69832,104.69829,104.69829
25,full,1,260,104.51115,104.51112,104.51112
25,full,1,270,104.32474,104.32472,104.32472
25,full,1,280,104.13899,104.13896,104.13896
25,full,1,290,103.95378,103.95376,103.95376
25,full,1,300,103.76901,103.76898,103.76898
25,full,1,310,103.58456,103.58454,103.58454
25,full,1,320,103.40034,103.40032,103.40032
25,full,1,330,103.21624,103.21622,103.21622
25,full,1,340,103.03214,103.03213,103.03213
25,full,1,350,102.84796,102.84795,102.84795
25,full,1,360,102.66357,102.66356,102.66356
25,full,1,370,102.47889,102.47888,102.47888
25,full,1,380,102.29379,102.29378,102.29378
25,full,1,390,102.10817,102.10816,102.10816
25,full,1,400,101.92192,101.92192,101.92192
25,full,1,410,101.73494,101.73494,101.73494
25,full,1,420,101.54711,101.54711,101.54711
25,full,1,430,101.35832,101.35832,101.35832
25,full,1,440,101.16846,101.16846,101.16846
25,full,1,450,100.9774,100.9774,100.9774
25,full,1,460,100.78504,100.78504,100.78504
25,full,1,470,100.59124,100.59124,100.59124
25,full,1,480,100.39589,100.39589,100.39589
25,full,1,490,100.19885,100.19885,100.19885
25,full,1,500,100,100,100
25,full,2,0,105,105,105
25,full,2,10,104.99048,104.99048,104.99048
25,full,2,20,104.97632,104.97633,104.97633
25,full,2,30,104.95775,104.95776,104.95776
25,full,2,40,104.93498,104.93501,104.93501
25,full,2,50,104.90824,104.90827,104.90827
25,full,2,60,104.87771,104.87774,104.87774
25,full,2,70,104.8436,104.84363,104.84363
25,full,2,80,104.80608,104.80611,104.80611
25,full,2,90,104.76534,104.76538,104.76538
25,full,2,100,104.72155,104.72159,104.72159
25,full,2,110,104.67488,104.67492,104.67492
25,full,2,120,104.6255,104.62554,104.62554
25,full,2,130,104.57355,104.57359,104.57359
25,full,2,140,104.5192,104.51924,104.51924
25,full,2,150,104.46258,104.46263,104.46263
25,full,2,160,104.40385,104.40389,104.40389
25,full,2,170,104.34314,104.34318,104.34318
25,full,2,180,104.28058,104.28062,104.28062
25,full,2,190,104.21631,104.21635,104.21635
25,full,2,200,104.15045,104.15049,104.15049
25,full,2,210,104.08314,104.08318,104.08318
25,full,2,220,104.01449,104.01452,104.01452
25,full,2,230,103.94461,103.94465,103.94465
25,full,2,240,103.87364,103.87368,103.87368
25,full,2,250,103.80168,103.80171,103.80171
25,full,2,260,103.72885,103.72888,103.72888
25,full,2,270,103.65526,103.65528,103.65528
25,full,2,280,103.58101,103.58104,103.58104
25,full,2,290,103.50622,103.50624,103.50624
25,full,2,300,103.43099,103.43102,103.43102
25,full,2,310,103.35544,103.35546,103.35546
25,full,2,320,103.27966,103.27968,103.27968
25,full,2,330,103.20376,103.20378,103.20378
25,full,2,340,103.12786,103.12787,103.12787
25,full,2,350,103.05204,103.05205,103.05205
25,full,2,360,102.97643,102.97644,102.97644
25,full,2,370,102.90111,102.90112,102.90112
25,full,2,380,102.82621,102.82622,102.82622
25,full,2,390,102.75183,102.75184,102.75184
25,full,2,400,102.67808,102.67808,102.67808
25,full,2,410,102.60506,102.60506,102.60506
25,full,2,420,102.53289,102.53289,102.53289
25,full,2,430,102.46168,102.46168,102.46168
25,full,2,440,102.39154,102.39154,102.39154
25,full,2,450,102.3226,102.3226,102.3226
25,full,2,460,102.25496,102.25496,102.25496
25,full,2,470,102.18876,102.18876,102.18876
25,full,2,480,102.12411,102.12411,102.12411
25,full,2,490,102.06115,102.06115,102.06115
25,full,2,500,102,102,102
30,plan,1,0,110,110,110
30,plan,1,10,109.75721,109.75721,109.74558
30,plan,1,20,109.51825,109.51824,109.49624
30,plan,1,30,109.28293,109.28291,109.25171
30,plan,1,40,109.05108,109.05107,109.01174
30,plan,1,50,108.82255,108.82253,108.77612
30,plan,1,60,108.59718,108.59716,108.5446
30,plan,1,70,108.37481,108.37478,108.31697
30,plan,1,80,108.15529,108.15526,108.09304
30,plan,1,90,107.93849,107.93846,107.87258
30,plan,1,100,107.72426,107.72423,107.65542
30,plan,1,110,107.51247,107.51244,107.44136
30,plan,1,120,107.30299,107.30295,107.23023
30,plan,1,130,107.09568,107.09565,107.02185
30,plan,1,140,106.89044,106.89041,106.81605
30,plan,1,150,106.68713,106.6871,106.61268
30,plan,1,160,106.48564,106.48561,106.41158
30,plan,1,170,106.28586,106.28583,106.2126
30,plan,1,180,106.08767,106.08764,106.01558
30,plan,1,190,105.89096,105.89093,105.82039
30,plan,1,200,105.69563,105.6956,105.62688
30,plan,1,210,105.50158,105.50155,105.43493
30,plan,1,220,105.30869,105.30867,105.24439
30,plan,1,230,105.11688,105.11685,105.05514
30,plan,1,240,104.92604,104.92601,104.86706
30,plan,1,250,104.73607,104.73604,104.68002
30,plan,1,260,104.54687,104.54685,104.49389
30,plan,1,270,104.35836,104.35834,104.30856
30,plan,1,280,104.17044,104.17042,104.12391
30,plan,1,290,103.98302,103.983,103.93983
30,plan,1,300,103.796,103.79598,103.75619
30,plan,1,310,103.6093,103.60928,103.57289
30,plan,1,320,103.42281,103.4228,103.3898
30,plan,1,330,103.23646,103.23645,103.20682
30,plan,1,340,103.05016,103.05014,103.02384
30,plan,1,350,102.8638,102.86379,102.84073
30,plan,1,360,102.67731,102.6773,102.65739
30,plan,1,370,102.49059,102.49058,102.47371
30,plan,1,380,102.30355,102.30354,102.28956
30,plan,1,390,102.1161,102.11609,102.10484
30,plan,1,400,101.92814,101.92814,101.91942
30,plan,1,410,101.7396,101.73959,101.73319
30,plan,1,420,101.55036,101.55036,101.54603
30,plan,1,430,101.36034,101.36034,101.35781
30,plan,1,440,101.16944,101.16944,101.16842
30,plan,1,450,100.97756,100.97756,100.97772
30,plan,1,460,100.78461,100.78461,100.78558
30,plan,1,470,100.59048,100.59048,100.59188
30,plan,1,480,100.39507,100.39507,100.39648
30,plan,1,490,100.19828,100.19828,100.19923
30,plan,1,500,100,100,100
30,plan,2,0,105,105,105
30,plan,2,10,104.98279,104.98279,104.99442
30,plan,2,20,104.96175,104.96176,104.98376
30,plan,2,30,104.93707,104.93709,104.96829
30,plan,2,40,104.90892,104.90893,104.94826
30,plan,2,50,104.87745,104.87747,104.92388
30,plan,2,60,104.84282,104.84284,104.8954
30,plan,2,70,104.80519,104.80522,104.86303
30,plan,2,80,104.76471,104.76474,104.82696
30,plan,2,90,104.72151,104.72154,104.78742
30,plan,2,100,104.67574,104.67577,104.74458
30,plan,2,110,104.62753,104.62756,104.69864
30,plan,2,120,104.57701,104.57705,104.64977
30,plan,2,130,104.52432,104.52435,104.59815
30,plan,2,140,104.46956,104.46959,104.54395
30,plan,2,150,104.41287,104.4129,104.48732
30,plan,2,160,104.35436,104.35439,104.42842
30,plan,2,170,104.29414,104.29417,104.3674
30,plan,2,180,104.23233,104.23236,104.30442
30,plan,2,190,104.16904,104.16907,104.23961
30,plan,2,200,104.10437,104.1044,104.17312
30,plan,2,210,104.03842,104.03845,104.10507
30,plan,2,220,103.97131,103.97133,104.03561
30,plan,2,230,103.90312,103.90315,103.96486
30,plan,2,240,103.83396,103.83399,103.89294
30,plan,2,250,103.76393,103.76396,103.81998
30,plan,2,260,103.69313,103.69315,103.74611
30,plan,2,270,103.62164,103.62166,103.67144
30,plan,2,280,103.54956,103.54958,103.59609
30,plan,2,290,103.47698,103.477,103.52017
30,plan,2,300,103.404,103.40402,103.44381
30,plan,2,310,103.3307,103.33072,103.36711
30,plan,2,320,103.25719,103.2572,103.2902
30,plan,2,330,103.18354,103.18355,103.21318
30,plan,2,340,103.10984,103.10986,103.13616
30,plan,2,350,103.0362,103.03621,103.05927
30,plan,2,360,102.96269,102.9627,102.98261
30,plan,2,370,102.88941,102.88942,102.90629
30,plan,2,380,102.81645,102.81646,102.83044
30,plan,2,390,102.7439,102.74391,102.75516
30,plan,2,400,102.67186,102.67186,102.68058
30,plan,2,410,102.6004,102.60041,102.60681
30,plan,2,420,102.52964,102.52964,102.53397
30,plan,2,430,102.45966,102.45966,102.46219
30,plan,2,440,102.39056,102.39056,102.39158
30,plan,2,450,102.32244,102.32244,102.32228
30,plan,2,460,102.25539,102.25539,102.25442
30,plan,2,470,102.18952,102.18952,102.18812
30,plan,2,480,102.12493,102.12493,102.12352
30,plan,2,490,102.06172,102.06172,102.06077
30,plan,2,500,102,102,102
30,area,1,0,110,110,110
30,area,1,10,109.7517,109.75169,109.74558
30,area,1,20,109.5078,109.50779,109.49624
30,area,1,30,109.26809,109.26807,109.25171
30,area,1,40,109.03237,109.03235,109.01174
30,area,1,50,108.80044,108.80041,108.77612
30,area,1,60,108.57211,108.57208,108.5446
30,area,1,70,108.3472,108.34717,108.31697
30,area,1,80,108.12555,108.12551,108.09304
30,area,1,90,107.90696,107.90693,107.87258
30,area,1,100,107.69129,107.69126,107.65542
30,area,1,110,107.47838,107.47834,107.44136
30,area,1,120,107.26807,107.26803,107.23023
30,area,1,130,107.06021,107.06017,107.02185
30,area,1,140,106.85466,106.85462,106.81605
30,area,1,150,106.65129,106.65125,106.61268
30,area,1,160,106.44994,106.4499,106.41158
30,area,1,170,106.2505,106.25046,106.2126
30,area,1,180,106.05284,106.0528,106.01558
30,area,1,190,105.85682,105.85678,105.82039
30,area,1,200,105.66233,105.6623,105.62688
30,area,1,210,105.46925,105.46922,105.43493
30,area,1,220,105.27746,105.27743,105.24439
30,area,1,230,105.08685,105.08682,105.05514
30,area,1,240,104.89731,104.89728,104.86706
30,area,1,250,104.70872,104.70869,104.68002
30,area,1,260,104.52098,104.52095,104.49389
30,area,1,270,104.33398,104.33395,104.30856
30,area,1,280,104.14761,104.14759,104.12391
30,area,1,290,103.96178,103.96176,103.93983
30,area,1,300,103.77637,103.77635,103.75619
30,area,1,310,103.59129,103.59127,103.57289
30,area,1,320,103.40644,103.40642,103.3898
30,area,1,330,103.22171,103.22169,103.20682
30,area,1,340,103.03699,103.03698,103.02384
30,area,1,350,102.8522,102.85219,102.84073
30,area,1,360,102.66723,102.66722,102.65739
30,area,1,370,102.48198,102.48197,102.47371
30,area,1,380,102.29634,102.29633,102.28956
30,area,1,390,102.11022,102.11021,102.10484
30,area,1,400,101.9235,101.9235,101.91942
30,area,1,410,101.73609,101.73608,101.73319
30,area,1,420,101.54788,101.54787,101.54603
30,area,1,430,101.35875,101.35875,101.35781
30,area,1,440,101.16861,101.16861,101.16842
30,area,1,450,100.97734,100.97734,100.97772
30,area,1,460,100.78483,100.78483,100.78558
30,area,1,470,100.59096,100.59096,100.59188
30,area,1,480,100.39561,100.39561,100.39648
30,area,1,490,100.19867,100.19867,100.19923
30,area,1,500,100,100,100
30,area,2,0,105,105,105
30,area,2,10,104.9883,104.98831,104.99442
30,area,2,20,104.9722,104.97221,104.98376
30,area,2,30,104.95191,104.95193,104.96829
30,area,2,40,104.92763,104.92765,104.94826
30,area,2,50,104.89956,104.89959,104.92388
30,area,2,60,104.86789,104.86792,104.8954
30,area,2,70,104.8328,104.83283,104.86303
30,area,2,80,104.79445,104.79449,104.82696
30,area,2,90,104.75304,104.75307,104.78742
30,area,2,100,104.70871,104.70874,104.74458
30,area,2,110,104.66162,104.66166,104.69864
30,area,2,120,104.61193,104.61197,104.64977
30,area,2,130,104.55979,104.55983,104.59815
30,area,2,140,104.50534,104.50538,104.54395
30,area,2,150,104.44871,104.44875,104.48732
30,area,2,160,104.39006,104.3901,104.42842
30,area,2,170,104.3295,104.32954,104.3674
30,area,2,180,104.26716,104.2672,104.30442
30,area,2,190,104.20318,104.20322,104.23961
30,area,2,200,104.13767,104.1377,104.17312
30,area,2,210,104.07075,104.07078,104.10507
30,area,2,220,104.00254,104.00257,104.03561
30,area,2,230,103.93315,103.93318,103.96486
30,area,2,240,103.86269,103.86272,103.89294
30,area,2,250,103.79128,103.79131,103.81998
30,area,2,260,103.71902,103.71905,103.74611
30,area,2,270,103.64602,103.64605,103.67144
30,area,2,280,103.57239,103.57241,103.59609
30,area,2,290,103.49822,103.49824,103.52017
30,area,2,300,103.42363,103.42365,103.44381
30,area,2,310,103.34871,103.34873,103.36711
30,area,2,320,103.27356,103.27358,103.2902
30,area,2,330,103.19829,103.19831,103.21318
30,area,2,340,103.12301,103.12302,103.13616
30,area,2,350,103.0478,103.04781,103.05927
30,area,2,360,102.97277,102.97278,102.98261
30,area,2,370,102.89802,102.89803,102.90629
30,area,2,380,102.82366,102.82367,102.83044
30,area,2,390,102.74978,102.74979,102.75516
30,area,2,400,102.6765,102.6765,102.68058
30,area,2,410,102.60391,102.60392,102.60681
30,area,2,420,102.53212,102.53213,102.53397
30,area,2,430,102.46125,102.46125,102.46219
30,area,2,440,102.39139,102.39139,102.39158
30,area,2,450,102.32266,102.32266,102.32228
30,area,2,460,102.25517,102.25517,102.25442
30,area,2,470,102.18904,102.18904,102.18812
30,area,2,480,102.12439,102.12439,102.12352
30,area,2,490,102.06133,102.06133,102.06077
30,area,2,500,102,102,102
30,full,1,0,110,110,110
30,full,1,10,109.74559,109.74558,109.74558
30,full,1,20,109.49625,109.49624,109.49624
30,full,1,30,109.25173,109.25171,109.25171
30,full,1,40,109.01177,109.01174,109.01174
30,full,1,50,108.77615,108.77612,108.77612
30,full,1,60,108.54463,108.5446,108.5446
30,full,1,70,108.31701,108.31697,108.31697
30,full,1,80,108.09308,108.09304,108.09304
30,full,1,90,107.87262,107.87258,107.87258
30,full,1,100,107.65546,107.65542,107.65542
30,full,1,110,107.44141,107.44136,107.44136
30,full,1,120,107.23028,107.23023,107.23023
30,full,1,130,107.0219,107.02185,107.02185
30,full,1,140,106.8161,106.81605,106.81605
30,full,1,150,106.61273,106.61268,106.61268
30,full,1,160,106.41163,106.41158,106.41158
30,full,1,170,106.21265,106.2126,106.2126
30,full,1,180,106.01563,106.01558,106.01558
30,full,1,190,105.82043,105.82039,105.82039
30,full,1,200,105.62693,105.62688,105.62688
30,full,1,210,105.43497,105.43493,105.43493
30,full,1,220,105.24443,105.24439,105.24439
30,full,1,230,105.05519,105.05514,105.05514
30,full,1,240,104.8671,104.86706,104.86706
30,full,1,250,104.68005,104.68002,104.68002
30,full,1,260,104.49393,104.49389,104.49389
30,full,1,270,104.3086,104.30856,104.30856
30,full,1,280,104.12394,104.12391,104.12391
30,full,1,290,103.93986,103.93983,103.93983
30,full,1,300,103.75622,103.75619,103.75619
30,full,1,310,103.57291,103.57289,103.57289
30,full,1,320,103.38982,103.3898,103.3898
30,full,1,330,103.20684,103.20682,103.20682
30,full,1,340,103.02385,103.02384,103.02384
30,full,1,350,102.84075,102.84073,102.84073
30,full,1,360,102.6574,102.65739,102.65739
30,full,1,370,102.47372,102.47371,102.47371
30,full,1,380,102.28957,102.28956,102.28956
30,full,1,390,102.10484,102.10484,102.10484
30,full,1,400,101.91942,101.91942,101.91942
30,full,1,410,101.73319,101.73319,101.73319
30,full,1,420,101.54603,101.54603,101.54603
30,full,1,430,101.35781,101.35781,101.35781
30,full,1,440,101.16842,101.16842,101.16842
30,full,1,450,100.97772,100.97772,100.97772
30,full,1,460,100.78558,100.78558,100.78558
30,full,1,470,100.59188,100.59188,100.59188
30,full,1,480,100.39648,100.39648,100.39648
30,full,1,490,100.19923,100.19923,100.19923
30,full,1,500,100,100,100
30,full,2,0,105,105,105
30,full,2,10,104.99441,104.99442,104.99442
30,full,2,20,104.98375,104.98376,104.98376
30,full,2,30,104.96827,104.96829,104.96829
30,full,2,40,104.94823,104.94826,104.94826
30,full,2,50,104.92385,104.92388,104.92388
30,full,2,60,104.89537,104.8954,104.8954
30,full,2,70,104.86299,104.86303,104.86303
30,full,2,80,104.82692,104.82696,104.82696
30,full,2,90,104.78738,104.78742,104.78742
30,full,2,100,104.74454,104.74458,104.74458
30,full,2,110,104.69859,104.69864,104.69864
30,full,2,120,104.64972,104.64977,104.64977
30,full,2,130,104.5981,104.59815,104.59815
30,full,2,140,104.5439,104.54395,104.54395
30,full,2,150,104.48727,104.48732,104.48732
30,full,2,160,104.42837,104.42842,104.42842
30,full,2,170,104.36735,104.3674,104.3674
30,full,2,180,104.30437,104.30442,104.30442
30,full,2,190,104.23957,104.23961,104.23961
30,full,2,200,104.17307,104.17312,104.17312
30,full,2,210,104.10503,104.10507,104.10507
30,full,2,220,104.03557,104.03561,104.03561
30,full,2,230,103.96481,103.96486,103.96486
30,full,2,240,103.8929,103.89294,103.89294
30,full,2,250,103.81995,103.81998,103.81998
30,full,2,260,103.74607,103.74611,103.74611
30,full,2,270,103.6714,103.67144,103.67144
30,full,2,280,103.59606,103.59609,103.59609
30,full,2,290,103.52014,103.52017,103.52017
30,full,2,300,103.44378,103.44381,103.44381
30,full,2,310,103.36709,103.36711,103.36711
30,full,2,320,103.29018,103.2902,103.2902
30,full,2,330,103.21316,103.21318,103.21318
30,full,2,340,103.13615,103.13616,103.13616
30,full,2,350,103.05925,103.05927,103.05927
30,full,2,360,102.9826,102.98261,102.98261
30,full,2,370,102.90628,102.90629,102.90629
30,full,2,380,102.83043,102.83044,102.83044
30,full,2,390,102.75516,102.75516,102.75516
30,full,2,400,102.68058,102.68058,102.68058
30,full,2,410,102.60681,102.60681,102.60681
30,full,2,420,102.53397,102.53397,102.53397
30,full,2,430,102.46219,102.46219,102.46219
30,full,2,440,102.39158,102.39158,102.39158
30,full,2,450,102.32228,102.32228,102.32228
30,full,2,460,102.25442,102.25442,102.25442
30,full,2,470,102.18812,102.18812,102.18812
30,full,2,480,102.12352,102.12352,102.12352
30,full,2,490,102.06077,102.06077,102.06077
30,full,2,500,102,102,102
35,plan,1,0,110,110,110
35,plan,1,10,109.75721,109.75721,109.74042
35,plan,1,20,109.51825,109.51824,109.4865
35,plan,1,30,109.28293,109.28291,109.23794
35,plan,1,40,109.05108,109.05107,108.99445
35,plan,1,50,108.82255,108.82253,108.75576
35,plan,1,60,108.59718,108.59716,108.52162
35,plan,1,70,108.37481,108.37478,108.29178
35,plan,1,80,108.15529,108.15526,108.06599
35,plan,1,90,107.93849,107.93846,107.84404
35,plan,1,100,107.72426,107.72423,107.62569
35,plan,1,110,107.51247,107.51244,107.41075
35,plan,1,120,107.30299,107.30295,107.199
35,plan,1,130,107.09568,107.09565,106.99026
35,plan,1,140,106.89044,106.89041,106.78433
35,plan,1,150,106.68713,106.6871,106.58103
35,plan,1,160,106.48564,106.48561,106.3802
35,plan,1,170,106.28586,106.28583,106.18165
35,plan,1,180,106.08767,106.08764,105.98523
35,plan,1,190,105.89096,105.89093,105.79078
35,plan,1,200,105.69563,105.6956,105.59814
35,plan,1,210,105.50158,105.50155,105.40717
35,plan,1,220,105.30869,105.30867,105.21772
35,plan,1,230,105.11688,105.11685,105.02964
35,plan,1,240,104.92604,104.92601,104.84281
35,plan,1,250,104.73607,104.73604,104.65708
35,plan,1,260,104.54687,104.54685,104.47232
35,plan,1,270,104.35836,104.35834,104.28839
35,plan,1,280,104.17044,104.17042,104.10519
35,plan,1,290,103.98302,103.983,103.92256
35,plan,1,300,103.796,103.79598,103.7404
35,plan,1,310,103.6093,103.60928,103.55857
35,plan,1,320,103.42281,103.4228,103.37695
35,plan,1,330,103.23646,103.23645,103.19542
35,plan,1,340,103.05016,103.05014,103.01385
35,plan,1,350,102.8638,102.86379,102.83213
35,plan,1,360,102.67731,102.6773,102.65013
35,plan,1,370,102.49059,102.49058,102.46772
35,plan,1,380,102.30355,102.30354,102.28478
35,plan,1,390,102.1161,102.11609,102.10118
35,plan,1,400,101.92814,101.92814,101.9168
35,plan,1,410,101.7396,101.73959,101.73151
35,plan,1,420,101.55036,101.55036,101.54517
35,plan,1,430,101.36034,101.36034,101.35765
35,plan,1,440,101.16944,101.16944,101.16881
35,plan,1,450,100.97756,100.97756,100.97851
35,plan,1,460,100.78461,100.78461,100.78662
35,plan,1,470,100.59048,100.59048,100.59297
35,plan,1,480,100.39507,100.39507,100.39743
35,plan,1,490,100.19828,100.19828,100.19982
35,plan,1,500,100,100,100
35,plan,2,0,105,105,105
35,plan,2,10,104.98279,104.98279,104.99958
35,plan,2,20,104.96175,104.96176,104.9935
35,plan,2,30,104.93707,104.93709,104.98206
35,plan,2,40,104.90892,104.90893,104.96555
35,plan,2,50,104.87745,104.87747,104.94424
35,plan,2,60,104.84282,104.84284,104.91838
35,plan,2,70,104.80519,104.80522,104.88822
35,plan,2,80,104.76471,104.76474,104.85401
35,plan,2,90,104.72151,104.72154,104.81596
35,plan,2,100,104.67574,104.67577,104.77431
35,plan,2,110,104.62753,104.62756,104.72925
35,plan,2,120,104.57701,104.57705,104.681
35,plan,2,130,104.52432,104.52435,104.62974
35,plan,2,140,104.46956,104.46959,104.57567
35,plan,2,150,104.41287,104.4129,104.51897
35,plan,2,160,104.35436,104.35439,104.4598
35,plan,2,170,104.29414,104.29417,104.39835
35,plan,2,180,104.23233,104.23236,104.33477
35,plan,2,190,104.16904,104.16907,104.26922
35,plan,2,200,104.10437,104.1044,104.20186
35,plan,2,210,104.03842,104.03845,104.13283
35,plan,2,220,103.97131,103.97133,104.06228
35,plan,2,230,103.90312,103.90315,103.99036
35,plan,2,240,103.83396,103.83399,103.91719
35,plan,2,250,103.76393,103.76396,103.84292
35,plan,2,260,103.69313,103.69315,103.76768
35,plan,2,270,103.62164,103.62166,103.69161
35,plan,2,280,103.54956,103.54958,103.61481
35,plan,2,290,103.47698,103.477,103.53744
35,plan,2,300,103.404,103.40402,103.4596
35,plan,2,310,103.3307,103.33072,103.38143
35,plan,2,320,103.25719,103.2572,103.30305
35,plan,2,330,103.18354,103.18355,103.22458
35,plan,2,340,103.10984,103.10986,103.14615
35,plan,2,350,103.0362,103.03621,103.06787
35,plan,2,360,102.96269,102.9627,102.98987
35,plan,2,370,102.88941,102.88942,102.91228
35,plan,2,380,102.81645,102.81646,102.83522
35,plan,2,390,102.7439,102.74391,102.75882
35,plan,2,400,102.67186,102.67186,102.6832
35,plan,2,410,102.6004,102.60041,102.60849
35,plan,2,420,102.52964,102.52964,102.53483
35,plan,2,430,102.45966,102.45966,102.46235
35,plan,2,440,102.39056,102.39056,102.39119
35,plan,2,450,102.32244,102.32244,102.32149
35,plan,2,460,102.25539,102.25539,102.25338
35,plan,2,470,102.18952,102.18952,102.18703
35,plan,2,480,102.12493,102.12493,102.12257
35,plan,2,490,102.06172,102.06172,102.06018
35,plan,2,500,102,102,102
35,area,1,0,110,110,110
35,area,1,10,109.74941,109.7494,109.74042
35,area,1,20,109.50347,109.50346,109.4865
35,area,1,30,109.26195,109.26193,109.23794
35,area,1,40,109.02463,109.02461,108.99445
35,area,1,50,108.7913,108.79128,108.75576
35,area,1,60,108.56177,108.56174,108.52162
35,area,1,70,108.33584,108.3358,108.29178
35,area,1,80,108.11331,108.11328,108.06599
35,area,1,90,107.89402,107.89398,107.84404
35,area,1,100,107.67778,107.67774,107.62569
35,area,1,110,107.46442,107.46438,107.41075
35,area,1,120,107.25379,107.25375,107.199
35,area,1,130,107.04573,107.04568,106.99026
35,area,1,140,106.84008,106.84003,106.78433
35,area,1,150,106.63669,106.63665,106.58103
35,area,1,160,106.43543,106.43539,106.3802
35,area,1,170,106.23615,106.23611,106.18165
35,area,1,180,106.03872,106.03868,105.98523
35,area,1,190,105.843,105.84296,105.79078
35,area,1,200,105.64888,105.64884,105.59814
35,area,1,210,105.45621,105.45618,105.40717
35,area,1,220,105.26489,105.26485,105.21772
35,area,1,230,105.07479,105.07475,105.02964
35,area,1,240,104.88579,104.88575,104.84281
35,area,1,250,104.69778,104.69774,104.65708
35,area,1,260,104.51064,104.51061,104.47232
35,area,1,270,104.32426,104.32424,104.28839
35,area,1,280,104.13854,104.13852,104.10519
35,area,1,290,103.95337,103.95334,103.92256
35,area,1,300,103.76863,103.7686,103.7404
35,area,1,310,103.58421,103.58419,103.55857
35,area,1,320,103.40002,103.40001,103.37695
35,area,1,330,103.21595,103.21594,103.19542
35,area,1,340,103.03189,103.03188,103.01385
35,area,1,350,102.84774,102.84773,102.83213
35,area,1,360,102.66339,102.66338,102.65013
35,area,1,370,102.47873,102.47872,102.46772
35,area,1,380,102.29366,102.29365,102.28478
35,area,1,390,102.10806,102.10806,102.10118
35,area,1,400,101.92184,101.92184,101.9168
35,area,1,410,101.73488,101.73488,101.73151
35,area,1,420,101.54707,101.54707,101.54517
35,area,1,430,101.3583,101.3583,101.35765
35,area,1,440,101.16845,101.16845,101.16881
35,area,1,450,100.97741,100.97741,100.97851
35,area,1,460,100.78505,100.78505,100.78662
35,area,1,470,100.59126,100.59126,100.59297
35,area,1,480,100.3959,100.3959,100.39743
35,area,1,490,100.19886,100.19886,100.19982
35,area,1,500,100,100,100
35,area,2,0,105,105,105
35,area,2,10,104.99059,104.9906,104.99958
35,area,2,20,104.97653,104.97654,104.9935
35,area,2,30,104.95805,104.95807,104.98206
35,area,2,40,104.93537,104.93539,104.96555
35,area,2,50,104.9087,104.90872,104.94424
35,area,2,60,104.87823,104.87826,104.91838
35,area,2,70,104.84416,104.8442,104.88822
35,area,2,80,104.80669,104.80672,104.85401
35,area,2,90,104.76598,104.76602,104.81596
35,area,2,100,104.72222,104.72226,104.77431
35,area,2,110,104.67558,104.67562,104.72925
35,area,2,120,104.62621,104.62625,104.681
35,area,2,130,104.57427,104.57432,104.62974
35,area,2,140,104.51992,104.51997,104.57567
35,area,2,150,104.46331,104.46335,104.51897
35,area,2,160,104.40457,104.40461,104.4598
35,area,2,170,104.34385,104.34389,104.39835
35,area,2,180,104.28128,104.28132,104.33477
35,area,2,190,104.217,104.21704,104.26922
35,area,2,200,104.15112,104.15116,104.20186
35,area,2,210,104.08379,104.08382,104.13283
35,area,2,220,104.01511,104.01515,104.06228
35,area,2,230,103.94521,103.94525,103.99036
35,area,2,240,103.87421,103.87425,103.91719
35,area,2,250,103.80222,103.80226,103.84292
35,area,2,260,103.72936,103.72939,103.76768
35,area,2,270,103.65574,103.65576,103.69161
35,area,2,280,103.58146,103.58148,103.61481
35,area,2,290,103.50663,103.50666,103.53744
35,area,2,300,103.43137,103.4314,103.4596
35,area,2,310,103.35579,103.35581,103.38143
35,area,2,320,103.27998,103.27999,103.30305
35,area,2,330,103.20405,103.20406,103.22458
35,area,2,340,103.12811,103.12812,103.14615
35,area,2,350,103.05226,103.05227,103.06787
35,area,2,360,102.97661,102.97662,102.98987
35,area,2,370,102.90127,102.90128,102.91228
35,area,2,380,102.82634,102.82635,102.83522
35,area,2,390,102.75194,102.75194,102.75882
35,area,2,400,102.67816,102.67816,102.6832
35,area,2,410,102.60512,102.60512,102.60849
35,area,2,420,102.53293,102.53293,102.53483
35,area,2,430,102.4617,102.4617,102.46235
35,area,2,440,102.39155,102.39155,102.39119
35,area,2,450,102.32259,102.32259,102.32149
35,area,2,460,102.25495,102.25495,102.25338
35,area,2,470,102.18874,102.18874,102.18703
35,area,2,480,102.1241,102.1241,102.12257
35,area,2,490,102.06114,102.06114,102.06018
35,area,2,500,102,102,102
35,full,1,0,110,110,110
35,full,1,10,109.74043,109.74042,109.74042
35,full,1,20,109.48652,109.4865,109.4865
35,full,1,30,109.23796,109.23794,109.23794
35,full,1,40,108.99448,108.99445,108.99445
35,full,1,50,108.7558,108.75576,108.75576
35,full,1,60,108.52166,108.52162,108.52162
35,full,1,70,108.29182,108.29178,108.29178
35,full,1,80,108.06604,108.06599,108.06599
35,full,1,90,107.84409,107.84404,107.84404
35,full,1,100,107.62575,107.62569,107.62569
35,full,1,110,107.4108,107.41075,107.41075
35,full,1,120,107.19906,107.199,107.199
35,full,1,130,106.99031,106.99026,106.99026
35,full,1,140,106.78439,106.78433,106.78433
35,full,1,150,106.58109,106.58103,106.58103
35,full,1,160,106.38025,106.3802,106.3802
35,full,1,170,106.18171,106.18165,106.18165
35,full,1,180,105.98529,105.98523,105.98523
35,full,1,190,105.79083,105.79078,105.79078
35,full,1,200,105.59819,105.59814,105.59814
35,full,1,210,105.40722,105.40717,105.40717
35,full,1,220,105.21777,105.21772,105.21772
35,full,1,230,105.02969,105.02964,105.02964
35,full,1,240,104.84285,104.84281,104.84281
35,full,1,250,104.65712,104.65708,104.65708
35,full,1,260,104.47235,104.47232,104.47232
35,full,1,270,104.28843,104.28839,104.28839
35,full,1,280,104.10522,104.10519,104.10519
35,full,1,290,103.92259,103.92256,103.92256
35,full,1,300,103.74043,103.7404,103.7404
35,full,1,310,103.55859,103.55857,103.55857
35,full,1,320,103.37697,103.37695,103.37695
35,full,1,330,103.19544,103.19542,103.19542
35,full,1,340,103.01387,103.01385,103.01385
35,full,1,350,102.83214,102.83213,102.83213
35,full,1,360,102.65014,102.65013,102.65013
35,full,1,370,102.46773,102.46772,102.46772
35,full,1,380,102.28478,102.28478,102.28478
35,full,1,390,102.10119,102.10118,102.10118
35,full,1,400,101.9168,101.9168,101.9168
35,full,1,410,101.73151,101.73151,101.73151
35,full,1,420,101.54517,101.54517,101.54517
35,full,1,430,101.35765,101.35765,101.35765
35,full,1,440,101.16881,101.16881,101.16881
35,full,1,450,100.97851,100.97851,100.97851
35,full,1,460,100.78662,100.78662,100.78662
35,full,1,470,100.59297,100.59297,100.59297
35,full,1,480,100.39742,100.39743,100.39743
35,full,1,490,100.19982,100.19982,100.19982
35,full,1,500,100,100,100
35,full,2,0,105,105,105
35,full,2,10,104.99957,104.99958,104.99958
35,full,2,20,104.99348,104.9935,104.9935
35,full,2,30,104.98204,104.98206,104.98206
35,full,2,40,104.96552,104.96555,104.96555
35,full,2,50,104.9442,104.94424,104.94424
35,full,2,60,104.91834,104.91838,104.91838
35,full,2,70,104.88818,104.88822,104.88822
35,full,2,80,104.85396,104.85401,104.85401
35,full,2,90,104.81591,104.81596,104.81596
35,full,2,100,104.77425,104.77431,104.77431
35,full,2,110,104.7292,104.72925,104.72925
35,full,2,120,104.68094,104.681,104.681
35,full,2,130,104.62969,104.62974,104.62974
35,full,2,140,104.57561,104.57567,104.57567
35,full,2,150,104.51891,104.51897,104.51897
35,full,2,160,104.45975,104.4598,104.4598
35,full,2,170,104.39829,104.39835,104.39835
35,full,2,180,104.33471,104.33477,104.33477
35,full,2,190,104.26917,104.26922,104.26922
35,full,2,200,104.20181,104.20186,104.20186
35,full,2,210,104.13278,104.13283,104.13283
35,full,2,220,104.06223,104.06228,104.06228
35,full,2,230,103.99031,103.99036,103.99036
35,full,2,240,103.91715,103.91719,103.91719
35,full,2,250,103.84288,103.84292,103.84292
35,full,2,260,103.76765,103.76768,103.76768
35,full,2,270,103.69157,103.69161,103.69161
35,full,2,280,103.61478,103.61481,103.61481
35,full,2,290,103.53741,103.53744,103.53744
35,full,2,300,103.45957,103.4596,103.4596
35,full,2,310,103.38141,103.38143,103.38143
35,full,2,320,103.30303,103.30305,103.30305
35,full,2,330,103.22456,103.22458,103.22458
35,full,2,340,103.14613,103.14615,103.14615
35,full,2,350,103.06786,103.06787,103.06787
35,full,2,360,102.98986,102.98987,102.98987
35,full,2,370,102.91227,102.91228,102.91228
35,full,2,380,102.83522,102.83522,102.83522
35,full,2,390,102.75881,102.75882,102.75882
35,full,2,400,102.6832,102.6832,102.6832
35,full,2,410,102.60849,102.60849,102.60849
35,full,2,420,102.53483,102.53483,102.53483
35,full,2,430,102.46235,102.46235,102.46235
35,full,2,440,102.39119,102.39119,102.39119
35,full,2,450,102.32149,102.32149,102.32149
35,full,2,460,102.25338,102.25338,102.25338
35,full,2,470,102.18703,102.18703,102.18703
35,full,2,480,102.12258,102.12257,102.12257
35,full,2,490,102.06018,102.06018,102.06018
35,full,2,500,102,102,102
40,plan,1,0,110,110,110
40,plan,1,10,109.75721,109.75721,109.73367
40,plan,1,20,109.51825,109.51824,109.47379
40,plan,1,30,109.28293,109.28291,109.22
40,plan,1,40,109.05108,109.05107,108.97197
40,plan,1,50,108.82255,108.82253,108.72937
40,plan,1,60,108.59718,108.59716,108.49189
40,plan,1,70,108.37481,108.37478,108.25924
40,plan,1,80,108.15529,108.15526,108.03115
40,plan,1,90,107.93849,107.93846,107.80734
40,plan,1,100,107.72426,107.72423,107.58756
40,plan,1,110,107.51247,107.51244,107.37157
40,plan,1,120,107.30299,107.30295,107.15912
40,plan,1,130,107.09568,107.09565,106.95
40,plan,1,140,106.89044,106.89041,106.74399
40,plan,1,150,106.68713,106.6871,106.54088
40,plan,1,160,106.48564,106.48561,106.34048
40,plan,1,170,106.28586,106.28583,106.14258
40,plan,1,180,106.08767,106.08764,105.94701
40,plan,1,190,105.89096,105.89093,105.75358
40,plan,1,200,105.69563,105.6956,105.56213
40,plan,1,210,105.50158,105.50155,105.37248
40,plan,1,220,105.30869,105.30867,105.18448
40,plan,1,230,105.11688,105.11685,104.99796
40,plan,1,240,104.92604,104.92601,104.81277
40,plan,1,250,104.73607,104.73604,104.62876
40,plan,1,260,104.54687,104.54685,104.44579
40,plan,1,270,104.35836,104.35834,104.2637
40,plan,1,280,104.17044,104.17042,104.08236
40,plan,1,290,103.98302,103.983,103.90163
40,plan,1,300,103.796,103.79598,103.72136
40,plan,1,310,103.6093,103.60928,103.54143
40,plan,1,320,103.42281,103.4228,103.36169
40,plan,1,330,103.23646,103.23645,103.18201
40,plan,1,340,103.05016,103.05014,103.00225
40,plan,1,350,102.8638,102.86379,102.82228
40,plan,1,360,102.67731,102.6773,102.64197
40,plan,1,370,102.49059,102.49058,102.46116
40,plan,1,380,102.30355,102.30354,102.27974
40,plan,1,390,102.1161,102.11609,102.09755
40,plan,1,400,101.92814,101.92814,101.91445
40,plan,1,410,101.7396,101.73959,101.7303
40,plan,1,420,101.55036,101.55036,101.54495
40,plan,1,430,101.36034,101.36034,101.35825
40,plan,1,440,101.16944,101.16944,101.17005
40,plan,1,450,100.97756,100.97756,100.98018
40,plan,1,460,100.78461,100.78461,100.78849
40,plan,1,470,100.59048,100.59048,100.5948
40,plan,1,480,100.39507,100.39507,100.39894
40,plan,1,490,100.19828,100.19828,100.20074
40,plan,1,500,100,100,100
40,plan,2,0,105,105,105
40,plan,2,10,104.98279,104.98279,105.00633
40,plan,2,20,104.96175,104.96176,105.00621
40,plan,2,30,104.93707,104.93709,105
40,plan,2,40,104.90892,104.90893,104.98803
40,plan,2,50,104.87745,104.87747,104.97063
40,plan,2,60,104.84282,104.84284,104.94811
40,plan,2,70,104.80519,104.80522,104.92076
40,plan,2,80,104.76471,104.76474,104.88885
40,plan,2,90,104.72151,104.72154,104.85266
40,plan,2,100,104.67574,104.67577,104.81244
40,plan,2,110,104.62753,104.62756,104.76843
40,plan,2,120,104.57701,104.57705,104.72088
40,plan,2,130,104.52432,104.52435,104.67
40,plan,2,140,104.46956,104.46959,104.61601
40,plan,2,150,104.41287,104.4129,104.55912
40,plan,2,160,104.35436,104.35439,104.49952
40,plan,2,170,104.29414,104.29417,104.43742
40,plan,2,180,104.23233,104.23236,104.37299
40,plan,2,190,104.16904,104.16907,104.30642
40,plan,2,200,104.10437,104.1044,104.23787
40,plan,2,210,104.03842,104.03845,104.16752
40,plan,2,220,103.97131,103.97133,104.09552
40,plan,2,230,103.90312,103.90315,104.02204
40,plan,2,240,103.83396,103.83399,103.94723
40,plan,2,250,103.76393,103.76396,103.87124
40,plan,2,260,103.69313,103.69315,103.79421
40,plan,2,270,103.62164,103.62166,103.7163
40,plan,2,280,103.54956,103.54958,103.63764
40,plan,2,290,103.47698,103.477,103.55837
40,plan,2,300,103.404,103.40402,103.47864
40,plan,2,310,103.3307,103.33072,103.39857
40,plan,2,320,103.25719,103.2572,103.31831
40,plan,2,330,103.18354,103.18355,103.23799
40,plan,2,340,103.10984,103.10986,103.15775
40,plan,2,350,103.0362,103.03621,103.07772
40,plan,2,360,102.96269,102.9627,102.99803
40,plan,2,370,102.88941,102.88942,102.91884
40,plan,2,380,102.81645,102.81646,102.84026
40,plan,2,390,102.7439,102.74391,102.76245
40,plan,2,400,102.67186,102.67186,102.68555
40,plan,2,410,102.6004,102.60041,102.6097
40,plan,2,420,102.52964,102.52964,102.53505
40,plan,2,430,102.45966,102.45966,102.46175
40,plan,2,440,102.39056,102.39056,102.38995
40,plan,2,450,102.32244,102.32244,102.31982
40,plan,2,460,102.25539,102.25539,102.25151
40,plan,2,470,102.18952,102.18952,102.1852
40,plan,2,480,102.12493,102.12493,102.12106
40,plan,2,490,102.06172,102.06172,102.05926
40,plan,2,500,102,102,102
40,area,1,0,110,110,110
40,area,1,10,109.74653,109.74652,109.73367
40,area,1,20,109.49802,109.49801,109.47379
40,area,1,30,109.25423,109.25421,109.22
40,area,1,40,109.01492,109.0149,108.97197
40,area,1,50,108.77986,108.77983,108.72937
40,area,1,60,108.54883,108.5488,108.49189
40,area,1,70,108.32162,108.32158,108.25924
40,area,1,80,108.09803,108.09799,108.03115
40,area,1,90,107.87786,107.87781,107.80734
40,area,1,100,107.66092,107.66087,107.58756
40,area,1,110,107.44703,107.44698,107.37157
40,area,1,120,107.23602,107.23597,107.15912
40,area,1,130,107.02771,107.02767,106.95
40,area,1,140,106.82195,106.8219,106.74399
40,area,1,150,106.61858,106.61853,106.54088
40,area,1,160,106.41743,106.41738,106.34048
40,area,1,170,106.21837,106.21832,106.14258
40,area,1,180,106.02125,106.0212,105.94701
40,area,1,190,105.82592,105.82588,105.75358
40,area,1,200,105.63226,105.63222,105.56213
40,area,1,210,105.44013,105.44009,105.37248
40,area,1,220,105.2494,105.24936,105.18448
40,area,1,230,105.05994,105.0599,104.99796
40,area,1,240,104.87163,104.87159,104.81277
40,area,1,250,104.68435,104.68431,104.62876
40,area,1,260,104.49797,104.49794,104.44579
40,area,1,270,104.31238,104.31235,104.2637
40,area,1,280,104.12747,104.12744,104.08236
40,area,1,290,103.94312,103.94309,103.90163
40,area,1,300,103.75921,103.75918,103.72136
40,area,1,310,103.57563,103.57561,103.54143
40,area,1,320,103.39227,103.39225,103.36169
40,area,1,330,103.20902,103.20901,103.18201
40,area,1,340,103.02578,103.02576,103.00225
40,area,1,350,102.84241,102.8424,102.82228
40,area,1,360,102.65883,102.65881,102.64197
40,area,1,370,102.4749,102.47489,102.46116
40,area,1,380,102.29053,102.29052,102.27974
40,area,1,390,102.10559,102.10559,102.09755
40,area,1,400,101.91998,101.91997,101.91445
40,area,1,410,101.73357,101.73357,101.7303
40,area,1,420,101.54625,101.54625,101.54495
40,area,1,430,101.3579,101.3579,101.35825
40,area,1,440,101.1684,101.1684,101.17005
40,area,1,450,100.97762,100.97762,100.98018
40,area,1,460,100.78543,100.78543,100.78849
40,area,1,470,100.59171,100.59171,100.5948
40,area,1,480,100.39633,100.39633,100.39894
40,area,1,490,100.19913,100.19914,100.20074
40,area,1,500,100,100,100
40,area,2,0,105,105,105
40,area,2,10,104.99347,104.99348,105.00633
40,area,2,20,104.98198,104.98199,105.00621
40,area,2,30,104.96577,104.96579,105
40,area,2,40,104.94508,104.9451,104.98803
40,area,2,50,104.92014,104.92017,104.97063
40,area,2,60,104.89117,104.8912,104.94811
40,area,2,70,104.85838,104.85842,104.92076
40,area,2,80,104.82197,104.82201,104.88885
40,area,2,90,104.78214,104.78219,104.85266
40,area,2,100,104.73908,104.73913,104.81244
40,area,2,110,104.69297,104.69302,104.76843
40,area,2,120,104.64398,104.64403,104.72088
40,area,2,130,104.59229,104.59233,104.67
40,area,2,140,104.53805,104.5381,104.61601
40,area,2,150,104.48142,104.48147,104.55912
40,area,2,160,104.42257,104.42262,104.49952
40,area,2,170,104.36163,104.36168,104.43742
40,area,2,180,104.29875,104.2988,104.37299
40,area,2,190,104.23408,104.23412,104.30642
40,area,2,200,104.16774,104.16778,104.23787
40,area,2,210,104.09987,104.09991,104.16752
40,area,2,220,104.0306,104.03064,104.09552
40,area,2,230,103.96006,103.9601,104.02204
40,area,2,240,103.88837,103.88841,103.94723
40,area,2,250,103.81565,103.81569,103.87124
40,area,2,260,103.74203,103.74206,103.79421
40,area,2,270,103.66762,103.66765,103.7163
40,area,2,280,103.59253,103.59256,103.63764
40,area,2,290,103.51688,103.51691,103.55837
40,area,2,300,103.44079,103.44082,103.47864
40,area,2,310,103.36437,103.36439,103.39857
40,area,2,320,103.28773,103.28775,103.31831
40,area,2,330,103.21098,103.21099,103.23799
40,area,2,340,103.13422,103.13424,103.15775
40,area,2,350,103.05759,103.0576,103.07772
40,area,2,360,102.98117,102.98119,102.99803
40,area,2,370,102.9051,102.90511,102.91884
40,area,2,380,102.82947,102.82948,102.84026
40,area,2,390,102.75441,102.75441,102.76245
40,area,2,400,102.68002,102.68003,102.68555
40,area,2,410,102.60643,102.60643,102.6097
40,area,2,420,102.53375,102.53375,102.53505
40,area,2,430,102.4621,102.4621,102.46175
40,area,2,440,102.3916,102.3916,102.38995
40,area,2,450,102.32238,102.32238,102.31982
40,area,2,460,102.25457,102.25457,102.25151
40,area,2,470,102.18829,102.18829,102.1852
40,area,2,480,102.12367,102.12367,102.12106
40,area,2,490,102.06087,102.06086,102.05926
40,area,2,500,102,102,102
40,full,1,0,110,110,110
40,full,1,10,109.73368,109.73367,109.73367
40,full,1,20,109.47381,109.47379,109.47379
40,full,1,30,109.22003,109.22,109.22
40,full,1,40,108.97201,108.97197,108.97197
40,full,1,50,108.72941,108.72937,108.72937
40,full,1,60,108.49194,108.49189,108.49189
40,full,1,70,108.2593,108.25924,108.25924
40,full,1,80,108.03121,108.03115,108.03115
40,full,1,90,107.80741,107.80734,107.80734
40,full,1,100,107.58763,107.58756,107.58756
40,full,1,110,107.37164,107.37157,107.37157
40,full,1,120,107.15919,107.15912,107.15912
40,full,1,130,106.95007,106.95,106.95
40,full,1,140,106.74406,106.74399,106.74399
40,full,1,150,106.54095,106.54088,106.54088
40,full,1,160,106.34054,106.34048,106.34048
40,full,1,170,106.14265,106.14258,106.14258
40,full,1,180,105.94707,105.94701,105.94701
40,full,1,190,105.75365,105.75358,105.75358
40,full,1,200,105.56219,105.56213,105.56213
40,full,1,210,105.37254,105.37248,105.37248
40,full,1,220,105.18454,105.18448,105.18448
40,full,1,230,104.99801,104.99796,104.99796
40,full,1,240,104.81282,104.81277,104.81277
40,full,1,250,104.62881,104.62876,104.62876
40,full,1,260,104.44583,104.44579,104.44579
40,full,1,270,104.26374,104.2637,104.2637
40,full,1,280,104.0824,104.08236,104.08236
40,full,1,290,103.90166,103.90163,103.90163
40,full,1,300,103.7214,103.72136,103.72136
40,full,1,310,103.54146,103.54143,103.54143
40,full,1,320,103.36172,103.36169,103.36169
40,full,1,330,103.18203,103.18201,103.18201
40,full,1,340,103.00227,103.00225,103.00225
40,full,1,350,102.8223,102.82228,102.82228
40,full,1,360,102.64198,102.64197,102.64197
40,full,1,370,102.46117,102.46116,102.46116
40,full,1,380,102.27974,102.27974,102.27974
40,full,1,390,102.09755,102.09755,102.09755
40,full,1,400,101.91445,101.91445,101.91445
40,full,1,410,101.7303,101.7303,101.7303
40,full,1,420,101.54495,101.54495,101.54495
40,full,1,430,101.35825,101.35825,101.35825
40,full,1,440,101.17005,101.17005,101.17005
40,full,1,450,100.98018,100.98018,100.98018
40,full,1,460,100.78849,100.78849,100.78849
40,full,1,470,100.5948,100.5948,100.5948
40,full,1,480,100.39894,100.39894,100.39894
40,full,1,490,100.20074,100.20074,100.20074
40,full,1,500,100,100,100
40,full,2,0,105,105,105
40,full,2,10,105.00632,105.00633,105.00633
40,full,2,20,105.00619,105.00621,105.00621
40,full,2,30,104.99997,105,105
40,full,2,40,104.98799,104.98803,104.98803
40,full,2,50,104.97059,104.97063,104.97063
40,full,2,60,104.94806,104.94811,104.94811
40,full,2,70,104.9207,104.92076,104.92076
40,full,2,80,104.88879,104.88885,104.88885
40,full,2,90,104.85259,104.85266,104.85266
40,full,2,100,104.81237,104.81244,104.81244
40,full,2,110,104.76836,104.76843,104.76843
40,full,2,120,104.72081,104.72088,104.72088
40,full,2,130,104.66993,104.67,104.67
40,full,2,140,104.61594,104.61601,104.61601
40,full,2,150,104.55905,104.55912,104.55912
40,full,2,160,104.49946,104.49952,104.49952
40,full,2,170,104.43735,104.43742,104.43742
40,full,2,180,104.37293,104.37299,104.37299
40,full,2,190,104.30635,104.30642,104.30642
40,full,2,200,104.23781,104.23787,104.23787
40,full,2,210,104.16746,104.16752,104.16752
40,full,2,220,104.09546,104.09552,104.09552
40,full,2,230,104.02199,104.02204,104.02204
40,full,2,240,103.94718,103.94723,103.94723
40,full,2,250,103.87119,103.87124,103.87124
40,full,2,260,103.79417,103.79421,103.79421
40,full,2,270,103.71626,103.7163,103.7163
40,full,2,280,103.6376,103.63764,103.63764
40,full,2,290,103.55834,103.55837,103.55837
40,full,2,300,103.4786,103.47864,103.47864
40,full,2,310,103.39854,103.39857,103.39857
40,full,2,320,103.31828,103.31831,103.31831
40,full,2,330,103.23797,103.23799,103.23799
40,full,2,340,103.15773,103.15775,103.15775
40,full,2,350,103.0777,103.07772,103.07772
40,full,2,360,102.99802,102.99803,102.99803
40,full,2,370,102.91883,102.91884,102.91884
40,full,2,380,102.84026,102.84026,102.84026
40,full,2,390,102.76245,102.76245,102.76245
40,full,2,400,102.68555,102.68555,102.68555
40,full,2,410,102.6097,102.6097,102.6097
40,full,2,420,102.53505,102.53505,102.53505
40,full,2,430,102.46175,102.46175,102.46175
40,full,2,440,102.38995,102.38995,102.38995
40,full,2,450,102.31982,102.31982,102.31982
40,full,2,460,102.25151,102.25151,102.25151
40,full,2,470,102.1852,102.1852,102.1852
40,full,2,480,102.12106,102.12106,102.12106
40,full,2,490,102.05926,102.05926,102.05926
40,full,2,500,102,102,102
45,plan,1,0,110,110,110
45,plan,1,10,109.75721,109.75721,109.7248
45,plan,1,20,109.51825,109.51824,109.45713
45,plan,1,30,109.28293,109.28291,109.19657
45,plan,1,40,109.05108,109.05107,108.94268
45,plan,1,50,108.82255,108.82253,108.69507
45,plan,1,60,108.59718,108.59716,108.45337
45,plan,1,70,108.37481,108.37478,108.21722
45,plan,1,80,108.15529,108.15526,107.98627
45,plan,1,90,107.93849,107.93846,107.76021
45,plan,1,100,107.72426,107.72423,107.53873
45,plan,1,110,107.51247,107.51244,107.32154
45,plan,1,120,107.30299,107.30295,107.10835
45,plan,1,130,107.09568,107.09565,106.8989
45,plan,1,140,106.89044,106.89041,106.69293
45,plan,1,150,106.68713,106.6871,106.49021
45,plan,1,160,106.48564,106.48561,106.2905
45,plan,1,170,106.28586,106.28583,106.09357
45,plan,1,180,106.08767,106.08764,105.89921
45,plan,1,190,105.89096,105.89093,105.70723
45,plan,1,200,105.69563,105.6956,105.5174
45,plan,1,210,105.50158,105.50155,105.32956
45,plan,1,220,105.30869,105.30867,105.14351
45,plan,1,230,105.11688,105.11685,104.95906
45,plan,1,240,104.92604,104.92601,104.77606
45,plan,1,250,104.73607,104.73604,104.59432
45,plan,1,260,104.54687,104.54685,104.41369
45,plan,1,270,104.35836,104.35834,104.23399
45,plan,1,280,104.17044,104.17042,104.05508
45,plan,1,290,103.98302,103.983,103.87679
45,plan,1,300,103.796,103.79598,103.69897
45,plan,1,310,103.6093,103.60928,103.52147
45,plan,1,320,103.42281,103.4228,103.34413
45,plan,1,330,103.23646,103.23645,103.16681
45,plan,1,340,103.05016,103.05014,102.98934
45,plan,1,350,102.8638,102.86379,102.81159
45,plan,1,360,102.67731,102.6773,102.6334
45,plan,1,370,102.49059,102.49058,102.4546
45,plan,1,380,102.30355,102.30354,102.27506
45,plan,1,390,102.1161,102.11609,102.0946
45,plan,1,400,101.92814,101.92814,101.91306
45,plan,1,410,101.7396,101.73959,101.73029
45,plan,1,420,101.55036,101.55036,101.54612
45,plan,1,430,101.36034,101.36034,101.36036
45,plan,1,440,101.16944,101.16944,101.17284
45,plan,1,450,100.97756,100.97756,100.98338
45,plan,1,460,100.78461,100.78461,100.79178
45,plan,1,470,100.59048,100.59048,100.59785
45,plan,1,480,100.39507,100.39507,100.40139
45,plan,1,490,100.19828,100.19828,100.20218
45,plan,1,500,100,100,100
45,plan,2,0,105,105,105
45,plan,2,10,104.98279,104.98279,105.0152
45,plan,2,20,104.96175,104.96176,105.02287
45,plan,2,30,104.93707,104.93709,105.02343
45,plan,2,40,104.90892,104.90893,105.01732
45,plan,2,50,104.87745,104.87747,105.00493
45,plan,2,60,104.84282,104.84284,104.98663
45,plan,2,70,104.80519,104.80522,104.96278
45,plan,2,80,104.76471,104.76474,104.93373
45,plan,2,90,104.72151,104.72154,104.89979
45,plan,2,100,104.67574,104.67577,104.86127
45,plan,2,110,104.62753,104.62756,104.81846
45,plan,2,120,104.57701,104.57705,104.77165
45,plan,2,130,104.52432,104.52435,104.7211
45,plan,2,140,104.46956,104.46959,104.66707
45,plan,2,150,104.41287,104.4129,104.60979
45,plan,2,160,104.35436,104.35439,104.5495
45,plan,2,170,104.29414,104.29417,104.48643
45,plan,2,180,104.23233,104.23236,104.42079
45,plan,2,190,104.16904,104.16907,104.35277
45,plan,2,200,104.10437,104.1044,104.2826
45,plan,2,210,104.03842,104.03845,104.21044
45,plan,2,220,103.97131,103.97133,104.13649
45,plan,2,230,103.90312,103.90315,104.06094
45,plan,2,240,103.83396,103.83399,103.98394
45,plan,2,250,103.76393,103.76396,103.90568
45,plan,2,260,103.69313,103.69315,103.82631
45,plan,2,270,103.62164,103.62166,103.74601
45,plan,2,280,103.54956,103.54958,103.66492
45,plan,2,290,103.47698,103.477,103.58321
45,plan,2,300,103.404,103.40402,103.50103
45,plan,2,310,103.3307,103.33072,103.41853
45,plan,2,320,103.25719,103.2572,103.33587
45,plan,2,330,103.18354,103.18355,103.25319
45,plan,2,340,103.10984,103.10986,103.17066
45,plan,2,350,103.0362,103.03621,103.08841
45,plan,2,360,102.96269,102.9627,103.0066
45,plan,2,370,102.88941,102.88942,102.9254
45,plan,2,380,102.81645,102.81646,102.84494
45,plan,2,390,102.7439,102.74391,102.7654
45,plan,2,400,102.67186,102.67186,102.68694
45,plan,2,410,102.6004,102.60041,102.60971
45,plan,2,420,102.52964,102.52964,102.53388
45,plan,2,430,102.45966,102.45966,102.45964
45,plan,2,440,102.39056,102.39056,102.38716
45,plan,2,450,102.32244,102.32244,102.31662
45,plan,2,460,102.25539,102.25539,102.24822
45,plan,2,470,102.18952,102.18952,102.18215
45,plan,2,480,102.12493,102.12493,102.11861
45,plan,2,490,102.06172,102.06172,102.05782
45,plan,2,500,102,102,102
45,area,1,0,110,110,110
45,area,1,10,109.74291,109.7429,109.7248
45,area,1,20,109.49119,109.49118,109.45713
45,area,1,30,109.24457,109.24454,109.19657
45,area,1,40,109.00277,109.00274,108.94268
45,area,1,50,108.76555,108.76552,108.69507
45,area,1,60,108.53267,108.53263,108.45337
45,area,1,70,108.30388,108.30384,108.21722
45,area,1,80,108.07898,108.07893,107.98627
45,area,1,90,107.85774,107.85769,107.76021
45,area,1,100,107.63995,107.6399,107.53873
45,area,1,110,107.42543,107.42538,107.32154
45,area,1,120,107.21397,107.21392,107.10835
45,area,1,130,107.00539,107.00534,106.8989
45,area,1,140,106.79952,106.79947,106.69293
45,area,1,150,106.59618,106.59613,106.49021
45,area,1,160,106.39521,106.39516,106.2905
45,area,1,170,106.19645,106.19639,106.09357
45,area,1,180,105.99973,105.99968,105.89921
45,area,1,190,105.80492,105.80487,105.70723
45,area,1,200,105.61186,105.61181,105.5174
45,area,1,210,105.42041,105.42036,105.32956
45,area,1,220,105.23043,105.23039,105.14351
45,area,1,230,105.04179,105.04175,104.95906
45,area,1,240,104.85435,104.85431,104.77606
45,area,1,250,104.66799,104.66795,104.59432
45,area,1,260,104.48257,104.48253,104.41369
45,area,1,270,104.29797,104.29794,104.23399
45,area,1,280,104.11407,104.11404,104.05508
45,area,1,290,103.93074,103.93071,103.87679
45,area,1,300,103.74787,103.74784,103.69897
45,area,1,310,103.56533,103.56531,103.52147
45,area,1,320,103.38301,103.38299,103.34413
45,area,1,330,103.20079,103.20077,103.16681
45,area,1,340,103.01854,103.01852,102.98934
45,area,1,350,102.83616,102.83614,102.81159
45,area,1,360,102.65351,102.6535,102.6334
45,area,1,370,102.47049,102.47048,102.4546
45,area,1,380,102.28698,102.28697,102.27506
45,area,1,390,102.10284,102.10284,102.0946
45,area,1,400,101.91797,101.91797,101.91306
45,area,1,410,101.73223,101.73223,101.73029
45,area,1,420,101.5455,101.5455,101.54612
45,area,1,430,101.35765,101.35765,101.36036
45,area,1,440,101.16856,101.16856,101.17284
45,area,1,450,100.97808,100.97808,100.98338
45,area,1,460,100.78607,100.78608,100.79178
45,area,1,470,100.59241,100.59241,100.59785
45,area,1,480,100.39695,100.39695,100.40139
45,area,1,490,100.19953,100.19953,100.20218
45,area,1,500,100,100,100
45,area,2,0,105,105,105
45,area,2,10,104.99709,104.9971,105.0152
45,area,2,20,104.98881,104.98882,105.02287
45,area,2,30,104.97543,104.97546,105.02343
45,area,2,40,104.95723,104.95726,105.01732
45,area,2,50,104.93445,104.93448,105.00493
45,area,2,60,104.90733,104.90737,104.98663
45,area,2,70,104.87612,104.87616,104.96278
45,area,2,80,104.84102,104.84107,104.93373
45,area,2,90,104.80226,104.80231,104.89979
45,area,2,100,104.76005,104.7601,104.86127
45,area,2,110,104.71457,104.71462,104.81846
45,area,2,120,104.66603,104.66608,104.77165
45,area,2,130,104.61461,104.61466,104.7211
45,area,2,140,104.56048,104.56053,104.66707
45,area,2,150,104.50382,104.50387,104.60979
45,area,2,160,104.44479,104.44484,104.5495
45,area,2,170,104.38355,104.38361,104.48643
45,area,2,180,104.32027,104.32032,104.42079
45,area,2,190,104.25508,104.25513,104.35277
45,area,2,200,104.18814,104.18819,104.2826
45,area,2,210,104.11959,104.11964,104.21044
45,area,2,220,104.04957,104.04961,104.13649
45,area,2,230,103.97821,103.97825,104.06094
45,area,2,240,103.90565,103.90569,103.98394
45,area,2,250,103.83201,103.83205,103.90568
45,area,2,260,103.75743,103.75747,103.82631
45,area,2,270,103.68203,103.68206,103.74601
45,area,2,280,103.60593,103.60596,103.66492
45,area,2,290,103.52926,103.52929,103.58321
45,area,2,300,103.45213,103.45216,103.50103
45,area,2,310,103.37467,103.37469,103.41853
45,area,2,320,103.29699,103.29701,103.33587
45,area,2,330,103.21921,103.21923,103.25319
45,area,2,340,103.14146,103.14148,103.17066
45,area,2,350,103.06384,103.06386,103.08841
45,area,2,360,102.98649,102.9865,103.0066
45,area,2,370,102.90951,102.90952,102.9254
45,area,2,380,102.83302,102.83303,102.84494
45,area,2,390,102.75716,102.75716,102.7654
45,area,2,400,102.68203,102.68203,102.68694
45,area,2,410,102.60777,102.60777,102.60971
45,area,2,420,102.5345,102.5345,102.53388
45,area,2,430,102.46235,102.46235,102.45964
45,area,2,440,102.39144,102.39144,102.38716
45,area,2,450,102.32192,102.32192,102.31662
45,area,2,460,102.25393,102.25392,102.24822
45,area,2,470,102.18759,102.18759,102.18215
45,area,2,480,102.12305,102.12305,102.11861
45,area,2,490,102.06047,102.06047,102.05782
45,area,2,500,102,102,102
45,full,1,0,110,110,110
45,full,1,10,109.72481,109.7248,109.7248
45,full,1,20,109.45716,109.45713,109.45713
45,full,1,30,109.19661,109.19657,109.19657
45,full,1,40,108.94273,108.94268,108.94268
45,full,1,50,108.69513,108.69507,108.69507
45,full,1,60,108.45344,108.45337,108.45337
45,full,1,70,108.21729,108.21722,108.21722
45,full,1,80,107.98635,107.98627,107.98627
45,full,1,90,107.76029,107.76021,107.76021
45,full,1,100,107.53882,107.53873,107.53873
45,full,1,110,107.32162,107.32154,107.32154
45,full,1,120,107.10843,107.10835,107.10835
45,full,1,130,106.89898,106.8989,106.8989
45,full,1,140,106.69302,106.69293,106.69293
45,full,1,150,106.4903,106.49021,106.49021
45,full,1,160,106.29058,106.2905,106.2905
45,full,1,170,106.09365,106.09357,106.09357
45,full,1,180,105.8993,105.89921,105.89921
45,full,1,190,105.7073,105.70723,105.70723
45,full,1,200,105.51748,105.5174,105.5174
45,full,1,210,105.32963,105.32956,105.32956
45,full,1,220,105.14358,105.14351,105.14351
45,full,1,230,104.95913,104.95906,104.95906
45,full,1,240,104.77612,104.77606,104.77606
45,full,1,250,104.59438,104.59432,104.59432
45,full,1,260,104.41374,104.41369,104.41369
45,full,1,270,104.23404,104.23399,104.23399
45,full,1,280,104.05513,104.05508,104.05508
45,full,1,290,103.87683,103.87679,103.87679
45,full,1,300,103.69901,103.69897,103.69897
45,full,1,310,103.5215,103.52147,103.52147
45,full,1,320,103.34416,103.34413,103.34413
45,full,1,330,103.16683,103.16681,103.16681
45,full,1,340,102.98937,102.98934,102.98934
45,full,1,350,102.81161,102.81159,102.81159
45,full,1,360,102.63341,102.6334,102.6334
45,full,1,370,102.45461,102.4546,102.4546
45,full,1,380,102.27506,102.27506,102.27506
45,full,1,390,102.0946,102.0946,102.0946
45,full,1,400,101.91307,101.91306,101.91306
45,full,1,410,101.73029,101.73029,101.73029
45,full,1,420,101.54611,101.54612,101.54612
45,full,1,430,101.36035,101.36036,101.36036
45,full,1,440,101.17283,101.17284,101.17284
45,full,1,450,100.98337,100.98338,100.98338
45,full,1,460,100.79177,100.79178,100.79178
45,full,1,470,100.59785,100.59785,100.59785
45,full,1,480,100.40139,100.40139,100.40139
45,full,1,490,100.20218,100.20218,100.20218
45,full,1,500,100,100,100
45,full,2,0,105,105,105
45,full,2,10,105.01519,105.0152,105.0152
45,full,2,20,105.02284,105.02287,105.02287
45,full,2,30,105.02339,105.02343,105.02343
45,full,2,40,105.01727,105.01732,105.01732
45,full,2,50,105.00487,105.00493,105.00493
45,full,2,60,104.98656,104.98663,104.98663
45,full,2,70,104.96271,104.96278,104.96278
45,full,2,80,104.93365,104.93373,104.93373
45,full,2,90,104.89971,104.89979,104.89979
45,full,2,100,104.86118,104.86127,104.86127
45,full,2,110,104.81838,104.81846,104.81846
45,full,2,120,104.77157,104.77165,104.77165
45,full,2,130,104.72102,104.7211,104.7211
45,full,2,140,104.66698,104.66707,104.66707
45,full,2,150,104.6097,104.60979,104.60979
45,full,2,160,104.54942,104.5495,104.5495
45,full,2,170,104.48635,104.48643,104.48643
45,full,2,180,104.4207,104.42079,104.42079
45,full,2,190,104.3527,104.35277,104.35277
45,full,2,200,104.28252,104.2826,104.2826
45,full,2,210,104.21037,104.21044,104.21044
45,full,2,220,104.13642,104.13649,104.13649
45,full,2,230,104.06087,104.06094,104.06094
45,full,2,240,103.98388,103.98394,103.98394
45,full,2,250,103.90562,103.90568,103.90568
45,full,2,260,103.82626,103.82631,103.82631
45,full,2,270,103.74596,103.74601,103.74601
45,full,2,280,103.66487,103.66492,103.66492
45,full,2,290,103.58317,103.58321,103.58321
45,full,2,300,103.50099,103.50103,103.50103
45,full,2,310,103.4185,103.41853,103.41853
45,full,2,320,103.33584,103.33587,103.33587
45,full,2,330,103.25317,103.25319,103.25319
45,full,2,340,103.17063,103.17066,103.17066
45,full,2,350,103.08839,103.08841,103.08841
45,full,2,360,103.00659,103.0066,103.0066
45,full,2,370,102.92539,102.9254,102.9254
45,full,2,380,102.84494,102.84494,102.84494
45,full,2,390,102.7654,102.7654,102.7654
45,full,2,400,102.68693,102.68694,102.68694
45,full,2,410,102.60971,102.60971,102.60971
45,full,2,420,102.53389,102.53388,102.53388
45,full,2,430,102.45965,102.45964,102.45964
45,full,2,440,102.38717,102.38716,102.38716
45,full,2,450,102.31663,102.31662,102.31662
45,full,2,460,102.24823,102.24822,102.24822
45,full,2,470,102.18215,102.18215,102.18215
45,full,2,480,102.11861,102.11861,102.11861
45,full,2,490,102.05782,102.05782,102.05782
45,full,2,500,102,102,102
50,plan,1,0,110,110,110
50,plan,1,10,109.75721,109.75721,109.71299
50,plan,1,20,109.51825,109.51824,109.43506
50,plan,1,30,109.28293,109.28291,109.16563
50,plan,1,40,109.05108,109.05107,108.90417
50,plan,1,50,108.82255,108.82253,108.65016
50,plan,1,60,108.59718,108.59716,108.40312
50,plan,1,70,108.37481,108.37478,108.1626
50,plan,1,80,108.15529,108.15526,107.92817
50,plan,1,90,107.93849,107.93846,107.69944
50,plan,1,100,107.72426,107.72423,107.476
50,plan,1,110,107.51247,107.51244,107.25751
50,plan,1,120,107.30299,107.30295,107.04362
50,plan,1,130,107.09568,107.09565,106.834
50,plan,1,140,106.89044,106.89041,106.62835
50,plan,1,150,106.68713,106.6871,106.42638
50,plan,1,160,106.48564,106.48561,106.22779
50,plan,1,170,106.28586,106.28583,106.03234
50,plan,1,180,106.08767,106.08764,105.83976
50,plan,1,190,105.89096,105.89093,105.64982
50,plan,1,200,105.69563,105.6956,105.46228
50,plan,1,210,105.50158,105.50155,105.27691
50,plan,1,220,105.30869,105.30867,105.09351
50,plan,1,230,105.11688,105.11685,104.91187
50,plan,1,240,104.92604,104.92601,104.73178
50,plan,1,250,104.73607,104.73604,104.55306
50,plan,1,260,104.54687,104.54685,104.37551
50,plan,1,270,104.35836,104.35834,104.19895
50,plan,1,280,104.17044,104.17042,104.02319
50,plan,1,290,103.98302,103.983,103.84808
50,plan,1,300,103.796,103.79598,103.67341
50,plan,1,310,103.6093,103.60928,103.49904
50,plan,1,320,103.42281,103.4228,103.32477
50,plan,1,330,103.23646,103.23645,103.15045
50,plan,1,340,103.05016,103.05014,102.97589
50,plan,1,350,102.8638,102.86379,102.80093
50,plan,1,360,102.67731,102.6773,102.6254
50,plan,1,370,102.49059,102.49058,102.44911
50,plan,1,380,102.30355,102.30354,102.27189
50,plan,1,390,102.1161,102.11609,102.09355
50,plan,1,400,101.92814,101.92814,101.91391
50,plan,1,410,101.7396,101.73959,101.73277
50,plan,1,420,101.55036,101.55036,101.54994
50,plan,1,430,101.36034,101.36034,101.36521
50,plan,1,440,101.16944,101.16944,101.17837
50,plan,1,450,100.97756,100.97756,100.9892
50,plan,1,460,100.78461,100.78461,100.79747
50,plan,1,470,100.59048,100.59048,100.60294
50,plan,1,480,100.39507,100.39507,100.40536
50,plan,1,490,100.19828,100.19828,100.20447
50,plan,1,500,100,100,100
50,plan,2,0,105,105,105
50,plan,2,10,104.98279,104.98279,105.02701
50,plan,2,20,104.96175,104.96176,105.04494
50,plan,2,30,104.93707,104.93709,105.05437
50,plan,2,40,104.90892,104.90893,105.05583
50,plan,2,50,104.87745,104.87747,105.04984
50,plan,2,60,104.84282,104.84284,105.03688
50,plan,2,70,104.80519,104.80522,105.0174
50,plan,2,80,104.76471,104.76474,104.99183
50,plan,2,90,104.72151,104.72154,104.96056
50,plan,2,100,104.67574,104.67577,104.924
50,plan,2,110,104.62753,104.62756,104.88249
50,plan,2,120,104.57701,104.57705,104.83638
50,plan,2,130,104.52432,104.52435,104.786
50,plan,2,140,104.46956,104.46959,104.73165
50,plan,2,150,104.41287,104.4129,104.67362
50,plan,2,160,104.35436,104.35439,104.61221
50,plan,2,170,104.29414,104.29417,104.54766
50,plan,2,180,104.23233,104.23236,104.48024
50,plan,2,190,104.16904,104.16907,104.41018
50,plan,2,200,104.10437,104.1044,104.33772
50,plan,2,210,104.03842,104.03845,104.26309
50,plan,2,220,103.97131,103.97133,104.18649
50,plan,2,230,103.90312,103.90315,104.10813
50,plan,2,240,103.83396,103.83399,104.02822
50,plan,2,250,103.76393,103.76396,103.94694
50,plan,2,260,103.69313,103.69315,103.86449
50,plan,2,270,103.62164,103.62166,103.78105
50,plan,2,280,103.54956,103.54958,103.69681
50,plan,2,290,103.47698,103.477,103.61192
50,plan,2,300,103.404,103.40402,103.52659
50,plan,2,310,103.3307,103.33072,103.44096
50,plan,2,320,103.25719,103.2572,103.35523
50,plan,2,330,103.18354,103.18355,103.26955
50,plan,2,340,103.10984,103.10986,103.18411
50,plan,2,350,103.0362,103.03621,103.09907
50,plan,2,360,102.96269,102.9627,103.0146
50,plan,2,370,102.88941,102.88942,102.93089
50,plan,2,380,102.81645,102.81646,102.84811
50,plan,2,390,102.7439,102.74391,102.76645
50,plan,2,400,102.67186,102.67186,102.68609
50,plan,2,410,102.6004,102.60041,102.60723
50,plan,2,420,102.52964,102.52964,102.53006
50,plan,2,430,102.45966,102.45966,102.45479
50,plan,2,440,102.39056,102.39056,102.38163
50,plan,2,450,102.32244,102.32244,102.3108
50,plan,2,460,102.25539,102.25539,102.24253
50,plan,2,470,102.18952,102.18952,102.17706
50,plan,2,480,102.12493,102.12493,102.11464
50,plan,2,490,102.06172,102.06172,102.05553
50,plan,2,500,102,102,102
50,area,1,0,110,110,110
50,area,1,10,109.73834,109.73832,109.71299
50,area,1,20,109.48257,109.48255,109.43506
50,area,1,30,109.23238,109.23235,109.16563
50,area,1,40,108.98747,108.98744,108.90417
50,area,1,50,108.74757,108.74753,108.65016
50,area,1,60,108.51238,108.51234,108.40312
50,area,1,70,108.28166,108.28161,108.1626
50,area,1,80,108.05515,108.05509,107.92817
50,area,1,90,107.83261,107.83255,107.69944
50,area,1,100,107.6138,107.61375,107.476
50,area,1,110,107.39852,107.39846,107.25751
50,area,1,120,107.18655,107.18649,107.04362
50,area,1,130,106.97768,106.97761,106.834
50,area,1,140,106.77171,106.77165,106.62835
50,area,1,150,106.56846,106.5684,106.42638
50,area,1,160,106.36775,106.36769,106.22779
50,area,1,170,106.16939,106.16933,106.03234
50,area,1,180,105.97323,105.97317,105.83976
50,area,1,190,105.77909,105.77903,105.64982
50,area,1,200,105.58681,105.58676,105.46228
50,area,1,210,105.39625,105.39619,105.27691
50,area,1,220,105.20724,105.20719,105.09351
50,area,1,230,105.01964,105.01959,104.91187
50,area,1,240,104.83331,104.83327,104.73178
50,area,1,250,104.64812,104.64807,104.55306
50,area,1,260,104.46391,104.46387,104.37551
50,area,1,270,104.28056,104.28052,104.19895
50,area,1,280,104.09793,104.09789,104.02319
50,area,1,290,103.91589,103.91586,103.84808
50,area,1,300,103.73432,103.73429,103.67341
50,area,1,310,103.55308,103.55305,103.49904
50,area,1,320,103.37204,103.37202,103.32477
50,area,1,330,103.19109,103.19107,103.15045
50,area,1,340,103.01009,103.01007,102.97589
50,area,1,350,102.82892,102.8289,102.80093
50,area,1,360,102.64744,102.64743,102.6254
50,area,1,370,102.46554,102.46553,102.44911
50,area,1,380,102.28307,102.28307,102.27189
50,area,1,390,102.09992,102.09991,102.09355
50,area,1,400,101.91595,101.91594,101.91391
50,area,1,410,101.73102,101.73101,101.73277
50,area,1,420,101.54499,101.54499,101.54994
50,area,1,430,101.35774,101.35774,101.36521
50,area,1,440,101.16911,101.16911,101.17837
50,area,1,450,100.97896,100.97896,100.9892
50,area,1,460,100.78714,100.78714,100.79747
50,area,1,470,100.59349,100.59349,100.60294
50,area,1,480,100.39786,100.39786,100.40536
50,area,1,490,100.20009,100.20009,100.20447
50,area,1,500,100,100,100
50,area,2,0,105,105,105
50,area,2,10,105.00166,105.00168,105.02701
50,area,2,20,104.99743,104.99745,105.04494
50,area,2,30,104.98762,104.98765,105.05437
50,area,2,40,104.97253,104.97256,105.05583
50,area,2,50,104.95243,104.95247,105.04984
50,area,2,60,104.92762,104.92766,105.03688
50,area,2,70,104.89834,104.89839,105.0174
50,area,2,80,104.86485,104.86491,104.99183
50,area,2,90,104.82739,104.82745,104.96056
50,area,2,100,104.7862,104.78625,104.924
50,area,2,110,104.74148,104.74154,104.88249
50,area,2,120,104.69345,104.69351,104.83638
50,area,2,130,104.64232,104.64239,104.786
50,area,2,140,104.58829,104.58835,104.73165
50,area,2,150,104.53154,104.5316,104.67362
50,area,2,160,104.47225,104.47231,104.61221
50,area,2,170,104.41061,104.41067,104.54766
50,area,2,180,104.34677,104.34683,104.48024
50,area,2,190,104.28091,104.28097,104.41018
50,area,2,200,104.21319,104.21324,104.33772
50,area,2,210,104.14375,104.14381,104.26309
50,area,2,220,104.07276,104.07281,104.18649
50,area,2,230,104.00036,104.00041,104.10813
50,area,2,240,103.92669,103.92673,104.02822
50,area,2,250,103.85188,103.85193,103.94694
50,area,2,260,103.77609,103.77613,103.86449
50,area,2,270,103.69944,103.69948,103.78105
50,area,2,280,103.62207,103.62211,103.69681
50,area,2,290,103.54411,103.54414,103.61192
50,area,2,300,103.46568,103.46571,103.52659
50,area,2,310,103.38692,103.38695,103.44096
50,area,2,320,103.30796,103.30798,103.35523
50,area,2,330,103.22891,103.22893,103.26955
50,area,2,340,103.14991,103.14993,103.18411
50,area,2,350,103.07108,103.0711,103.09907
50,area,2,360,102.99256,102.99257,103.0146
50,area,2,370,102.91446,102.91447,102.93089
50,area,2,380,102.83693,102.83693,102.84811
50,area,2,390,102.76008,102.76009,102.76645
50,area,2,400,102.68405,102.68406,102.68609
50,area,2,410,102.60898,102.60899,102.60723
50,area,2,420,102.53501,102.53501,102.53006
50,area,2,430,102.46226,102.46226,102.45479
50,area,2,440,102.39089,102.39089,102.38163
50,area,2,450,102.32104,102.32104,102.3108
50,area,2,460,102.25286,102.25286,102.24253
50,area,2,470,102.18651,102.18651,102.17706
50,area,2,480,102.12214,102.12214,102.11464
50,area,2,490,102.05991,102.05991,102.05553
50,area,2,500,102,102,102
50,full,1,0,110,110,110
50,full,1,10,109.71301,109.71299,109.71299
50,full,1,20,109.4351,109.43506,109.43506
50,full,1,30,109.16569,109.16563,109.16563
50,full,1,40,108.90424,108.90417,108.90417
50,full,1,50,108.65024,108.65016,108.65016
50,full,1,60,108.40321,108.40312,108.40312
50,full,1,70,108.1627,108.1626,108.1626
50,full,1,80,107.92828,107.92817,107.92817
50,full,1,90,107.69954,107.69944,107.69944
50,full,1,100,107.47611,107.476,107.476
50,full,1,110,107.25762,107.25751,107.25751
50,full,1,120,107.04373,107.04362,107.04362
50,full,1,130,106.83411,106.834,106.834
50,full,1,140,106.62846,106.62835,106.62835
50,full,1,150,106.42649,106.42638,106.42638
50,full,1,160,106.2279,106.22779,106.22779
50,full,1,170,106.03245,106.03234,106.03234
50,full,1,180,105.83987,105.83976,105.83976
50,full,1,190,105.64992,105.64982,105.64982
50,full,1,200,105.46237,105.46228,105.46228
50,full,1,210,105.277,105.27691,105.27691
50,full,1,220,105.0936,105.09351,105.09351
50,full,1,230,104.91195,104.91187,104.91187
50,full,1,240,104.73186,104.73178,104.73178
50,full,1,250,104.55313,104.55306,104.55306
50,full,1,260,104.37557,104.37551,104.37551
50,full,1,270,104.199,104.19895,104.19895
50,full,1,280,104.02325,104.02319,104.02319
50,full,1,290,103.84812,103.84808,103.84808
50,full,1,300,103.67346,103.67341,103.67341
50,full,1,310,103.49907,103.49904,103.49904
50,full,1,320,103.3248,103.32477,103.32477
50,full,1,330,103.15047,103.15045,103.15045
50,full,1,340,102.97591,102.97589,102.97589
50,full,1,350,102.80095,102.80093,102.80093
50,full,1,360,102.62541,102.6254,102.6254
50,full,1,370,102.44912,102.44911,102.44911
50,full,1,380,102.27189,102.27189,102.27189
50,full,1,390,102.09355,102.09355,102.09355
50,full,1,400,101.9139,101.91391,101.91391
50,full,1,410,101.73276,101.73277,101.73277
50,full,1,420,101.54993,101.54994,101.54994
50,full,1,430,101.3652,101.36521,101.36521
50,full,1,440,101.17836,101.17837,101.17837
50,full,1,450,100.98919,100.9892,100.9892
50,full,1,460,100.79746,100.79747,100.79747
50,full,1,470,100.60293,100.60294,100.60294
50,full,1,480,100.40535,100.40536,100.40536
50,full,1,490,100.20447,100.20447,100.20447
50,full,1,500,100,100,100
50,full,2,0,105,105,105
50,full,2,10,105.02699,105.02701,105.02701
50,full,2,20,105.0449,105.04494,105.04494
50,full,2,30,105.05431,105.05437,105.05437
50,full,2,40,105.05576,105.05583,105.05583
50,full,2,50,105.04976,105.04984,105.04984
50,full,2,60,105.03679,105.03688,105.03688
50,full,2,70,105.0173,105.0174,105.0174
50,full,2,80,104.99172,104.99183,104.99183
50,full,2,90,104.96046,104.96056,104.96056
50,full,2,100,104.92389,104.924,104.924
50,full,2,110,104.88238,104.88249,104.88249
50,full,2,120,104.83627,104.83638,104.83638
50,full,2,130,104.78589,104.786,104.786
50,full,2,140,104.73154,104.73165,104.73165
50,full,2,150,104.67351,104.67362,104.67362
50,full,2,160,104.6121,104.61221,104.61221
50,full,2,170,104.54755,104.54766,104.54766
50,full,2,180,104.48013,104.48024,104.48024
50,full,2,190,104.41008,104.41018,104.41018
50,full,2,200,104.33763,104.33772,104.33772
50,full,2,210,104.263,104.26309,104.26309
50,full,2,220,104.1864,104.18649,104.18649
50,full,2,230,104.10805,104.10813,104.10813
50,full,2,240,104.02814,104.02822,104.02822
50,full,2,250,103.94687,103.94694,103.94694
50,full,2,260,103.86443,103.86449,103.86449
50,full,2,270,103.781,103.78105,103.78105
50,full,2,280,103.69675,103.69681,103.69681
50,full,2,290,103.61188,103.61192,103.61192
50,full,2,300,103.52654,103.52659,103.52659
50,full,2,310,103.44093,103.44096,103.44096
50,full,2,320,103.3552,103.35523,103.35523
50,full,2,330,103.26953,103.26955,103.26955
50,full,2,340,103.18409,103.18411,103.18411
50,full,2,350,103.09905,103.09907,103.09907
50,full,2,360,103.01459,103.0146,103.0146
50,full,2,370,102.93088,102.93089,102.93089
50,full,2,380,102.84811,102.84811,102.84811
50,full,2,390,102.76645,102.76645,102.76645
50,full,2,400,102.6861,102.68609,102.68609
50,full,2,410,102.60724,102.60723,102.60723
50,full,2,420,102.53007,102.53006,102.53006
50,full,2,430,102.4548,102.45479,102.45479
50,full,2,440,102.38164,102.38163,102.38163
50,full,2,450,102.31081,102.3108,102.3108
50,full,2,460,102.24254,102.24253,102.24253
50,full,2,470,102.17707,102.17706,102.17706
50,full,2,480,102.11465,102.11464,102.11464
50,full,2,490,102.05553,102.05553,102.05553
50,full,2,500,102,102,102
55,plan,1,0,110,110,110
55,plan,1,10,109.75721,109.75721,109.69699
55,plan,1,20,109.51825,109.51824,109.40531
55,plan,1,30,109.28293,109.28291,109.12416
55,plan,1,40,109.05108,109.05107,108.85281
55,plan,1,50,108.82255,108.82253,108.59057
55,plan,1,60,108.59718,108.59716,108.3368
55,plan,1,70,108.37481,108.37478,108.0909
55,plan,1,80,108.15529,108.15526,107.8523
55,plan,1,90,107.93849,107.93846,107.62047
55,plan,1,100,107.72426,107.72423,107.39492
55,plan,1,110,107.51247,107.51244,107.17519
55,plan,1,120,107.30299,107.30295,106.96083
55,plan,1,130,107.09568,107.09565,106.75144
55,plan,1,140,106.89044,106.89041,106.54663
55,plan,1,150,106.68713,106.6871,106.34603
55,plan,1,160,106.48564,106.48561,106.14931
55,plan,1,170,106.28586,106.28583,105.95614
55,plan,1,180,106.08767,106.08764,105.76621
55,plan,1,190,105.89096,105.89093,105.57923
55,plan,1,200,105.69563,105.6956,105.39492
55,plan,1,210,105.50158,105.50155,105.21301
55,plan,1,220,105.30869,105.30867,105.03327
55,plan,1,230,105.11688,105.11685,104.85543
55,plan,1,240,104.92604,104.92601,104.67928
55,plan,1,250,104.73607,104.73604,104.50459
55,plan,1,260,104.54687,104.54685,104.33113
55,plan,1,270,104.35836,104.35834,104.1587
55,plan,1,280,104.17044,104.17042,103.98709
55,plan,1,290,103.98302,103.983,103.8161
55,plan,1,300,103.796,103.79598,103.64552
55,plan,1,310,103.6093,103.60928,103.47517
55,plan,1,320,103.42281,103.4228,103.30485
55,plan,1,330,103.23646,103.23645,103.13435
55,plan,1,340,103.05016,103.05014,102.96348
55,plan,1,350,102.8638,102.86379,102.79205
55,plan,1,360,102.67731,102.6773,102.61985
55,plan,1,370,102.49059,102.49058,102.44668
55,plan,1,380,102.30355,102.30354,102.27232
55,plan,1,390,102.1161,102.11609,102.09656
55,plan,1,400,101.92814,101.92814,101.91918
55,plan,1,410,101.7396,101.73959,101.73995
55,plan,1,420,101.55036,101.55036,101.55862
55,plan,1,430,101.36034,101.36034,101.37495
55,plan,1,440,101.16944,101.16944,101.18868
55,plan,1,450,100.97756,100.97756,100.99954
55,plan,1,460,100.78461,100.78461,100.80722
55,plan,1,470,100.59048,100.59048,100.61144
55,plan,1,480,100.39507,100.39507,100.41187
55,plan,1,490,100.19828,100.19828,100.20818
55,plan,1,500,100,100,100
55,plan,2,0,105,105,105
55,plan,2,10,104.98279,104.98279,105.04301
55,plan,2,20,104.96175,104.96176,105.07469
55,plan,2,30,104.93707,104.93709,105.09584
55,plan,2,40,104.90892,104.90893,105.10719
55,plan,2,50,104.87745,104.87747,105.10943
55,plan,2,60,104.84282,104.84284,105.1032
55,plan,2,70,104.80519,104.80522,105.0891
55,plan,2,80,104.76471,104.76474,105.0677
55,plan,2,90,104.72151,104.72154,105.03953
55,plan,2,100,104.67574,104.67577,105.00508
55,plan,2,110,104.62753,104.62756,104.96481
55,plan,2,120,104.57701,104.57705,104.91917
55,plan,2,130,104.52432,104.52435,104.86856
55,plan,2,140,104.46956,104.46959,104.81337
55,plan,2,150,104.41287,104.4129,104.75397
55,plan,2,160,104.35436,104.35439,104.69069
55,plan,2,170,104.29414,104.29417,104.62386
55,plan,2,180,104.23233,104.23236,104.55379
55,plan,2,190,104.16904,104.16907,104.48077
55,plan,2,200,104.10437,104.1044,104.40508
55,plan,2,210,104.03842,104.03845,104.32699
55,plan,2,220,103.97131,103.97133,104.24673
55,plan,2,230,103.90312,103.90315,104.16457
55,plan,2,240,103.83396,103.83399,104.08072
55,plan,2,250,103.76393,103.76396,103.99541
55,plan,2,260,103.69313,103.69315,103.90887
55,plan,2,270,103.62164,103.62166,103.8213
55,plan,2,280,103.54956,103.54958,103.73291
55,plan,2,290,103.47698,103.477,103.6439
55,plan,2,300,103.404,103.40402,103.55448
55,plan,2,310,103.3307,103.33072,103.46483
55,plan,2,320,103.25719,103.2572,103.37515
55,plan,2,330,103.18354,103.18355,103.28565
55,plan,2,340,103.10984,103.10986,103.19652
55,plan,2,350,103.0362,103.03621,103.10795
55,plan,2,360,102.96269,102.9627,103.02015
55,plan,2,370,102.88941,102.88942,102.93332
55,plan,2,380,102.81645,102.81646,102.84768
55,plan,2,390,102.7439,102.74391,102.76344
55,plan,2,400,102.67186,102.67186,102.68082
55,plan,2,410,102.6004,102.60041,102.60005
55,plan,2,420,102.52964,102.52964,102.52138
55,plan,2,430,102.45966,102.45966,102.44505
55,plan,2,440,102.39056,102.39056,102.37132
55,plan,2,450,102.32244,102.32244,102.30046
55,plan,2,460,102.25539,102.25539,102.23278
55,plan,2,470,102.18952,102.18952,102.16856
55,plan,2,480,102.12493,102.12493,102.10813
55,plan,2,490,102.06172,102.06172,102.05182
55,plan,2,500,102,102,102
55,area,1,0,110,110,110
55,area,1,10,109.73247,109.73246,109.69699
55,area,1,20,109.47154,109.47152,109.40531
55,area,1,30,109.21683,109.2168,109.12416
55,area,1,40,108.968,108.96796,108.85281
55,area,1,50,108.72471,108.72466,108.59057
55,area,1,60,108.48665,108.4866,108.3368
55,area,1,70,108.25352,108.25346,108.0909
55,area,1,80,108.02503,108.02497,107.8523
55,area,1,90,107.80091,107.80084,107.62047
55,area,1,100,107.58089,107.58082,107.39492
55,area,1,110,107.36472,107.36465,107.17519
55,area,1,120,107.15216,107.15209,106.96083
55,area,1,130,106.94299,106.94291,106.75144
55,area,1,140,106.73697,106.7369,106.54663
55,area,1,150,106.5339,106.53383,106.34603
55,area,1,160,106.33358,106.33351,106.14931
55,area,1,170,106.13581,106.13574,105.95614
55,area,1,180,105.94039,105.94033,105.76621
55,area,1,190,105.74716,105.74709,105.57923
55,area,1,200,105.55592,105.55586,105.39492
55,area,1,210,105.36651,105.36645,105.21301
55,area,1,220,105.17877,105.17871,105.03327
55,area,1,230,104.99253,104.99247,104.85543
55,area,1,240,104.80764,104.80758,104.67928
55,area,1,250,104.62393,104.62388,104.50459
55,area,1,260,104.44128,104.44123,104.33113
55,area,1,270,104.25951,104.25947,104.1587
55,area,1,280,104.0785,104.07846,103.98709
55,area,1,290,103.8981,103.89807,103.8161
55,area,1,300,103.71817,103.71814,103.64552
55,area,1,310,103.53857,103.53854,103.47517
55,area,1,320,103.35916,103.35913,103.30485
55,area,1,330,103.1798,103.17978,103.13435
55,area,1,340,103.00036,103.00034,102.96348
55,area,1,350,102.8207,102.82068,102.79205
55,area,1,360,102.64067,102.64066,102.61985
55,area,1,370,102.46015,102.46014,102.44668
55,area,1,380,102.27898,102.27897,102.27232
55,area,1,390,102.09703,102.09703,102.09656
55,area,1,400,101.91415,101.91415,101.91918
55,area,1,410,101.7302,101.7302,101.73995
55,area,1,420,101.54501,101.54502,101.55862
55,area,1,430,101.35845,101.35845,101.37495
55,area,1,440,101.17035,101.17035,101.18868
55,area,1,450,100.98055,100.98055,100.99954
55,area,1,460,100.78888,100.78888,100.80722
55,area,1,470,100.59517,100.59518,100.61144
55,area,1,480,100.39925,100.39925,100.41187
55,area,1,490,100.20092,100.20092,100.20818
55,area,1,500,100,100,100
55,area,2,0,105,105,105
55,area,2,10,105.00753,105.00754,105.04301
55,area,2,20,105.00846,105.00848,105.07469
55,area,2,30,105.00317,105.0032,105.09584
55,area,2,40,104.992,104.99204,105.10719
55,area,2,50,104.97529,104.97534,105.10943
55,area,2,60,104.95335,104.9534,105.1032
55,area,2,70,104.92648,104.92654,105.0891
55,area,2,80,104.89497,104.89503,105.0677
55,area,2,90,104.85909,104.85916,105.03953
55,area,2,100,104.81911,104.81918,105.00508
55,area,2,110,104.77528,104.77535,104.96481
55,area,2,120,104.72784,104.72791,104.91917
55,area,2,130,104.67701,104.67709,104.86856
55,area,2,140,104.62303,104.6231,104.81337
55,area,2,150,104.5661,104.56617,104.75397
55,area,2,160,104.50642,104.50649,104.69069
55,area,2,170,104.44419,104.44426,104.62386
55,area,2,180,104.37961,104.37967,104.55379
55,area,2,190,104.31284,104.31291,104.48077
55,area,2,200,104.24408,104.24414,104.40508
55,area,2,210,104.17349,104.17355,104.32699
55,area,2,220,104.10123,104.10129,104.24673
55,area,2,230,104.02747,104.02753,104.16457
55,area,2,240,103.95236,103.95242,104.08072
55,area,2,250,103.87607,103.87612,103.99541
55,area,2,260,103.79872,103.79877,103.90887
55,area,2,270,103.72049,103.72053,103.8213
55,area,2,280,103.6415,103.64154,103.73291
55,area,2,290,103.5619,103.56193,103.6439
55,area,2,300,103.48183,103.48186,103.55448
55,area,2,310,103.40143,103.40146,103.46483
55,area,2,320,103.32084,103.32087,103.37515
55,area,2,330,103.2402,103.24022,103.28565
55,area,2,340,103.15964,103.15966,103.19652
55,area,2,350,103.0793,103.07932,103.10795
55,area,2,360,102.99933,102.99934,103.02015
55,area,2,370,102.91985,102.91986,102.93332
55,area,2,380,102.84102,102.84103,102.84768
55,area,2,390,102.76297,102.76297,102.76344
55,area,2,400,102.68585,102.68585,102.68082
55,area,2,410,102.6098,102.6098,102.60005
55,area,2,420,102.53499,102.53498,102.52138
55,area,2,430,102.46155,102.46155,102.44505
55,area,2,440,102.38965,102.38965,102.37132
55,area,2,450,102.31945,102.31945,102.30046
55,area,2,460,102.25112,102.25112,102.23278
55,area,2,470,102.18483,102.18482,102.16856
55,area,2,480,102.12075,102.12075,102.10813
55,area,2,490,102.05908,102.05908,102.05182
55,area,2,500,102,102,102
55,full,1,0,110,110,110
55,full,1,10,109.69702,109.69699,109.69699
55,full,1,20,109.40537,109.40531,109.40531
55,full,1,30,109.12424,109.12416,109.12416
55,full,1,40,108.85291,108.85281,108.85281
55,full,1,50,108.59068,108.59057,108.59057
55,full,1,60,108.33693,108.3368,108.3368
55,full,1,70,108.09103,108.0909,108.0909
55,full,1,80,107.85244,107.8523,107.8523
55,full,1,90,107.62062,107.62047,107.62047
55,full,1,100,107.39507,107.39492,107.39492
55,full,1,110,107.17534,107.17519,107.17519
55,full,1,120,106.96098,106.96083,106.96083
55,full,1,130,106.75159,106.75144,106.75144
55,full,1,140,106.54678,106.54663,106.54663
55,full,1,150,106.34618,106.34603,106.34603
55,full,1,160,106.14946,106.14931,106.14931
55,full,1,170,105.95628,105.95614,105.95614
55,full,1,180,105.76634,105.76621,105.76621
55,full,1,190,105.57935,105.57923,105.57923
55,full,1,200,105.39504,105.39492,105.39492
55,full,1,210,105.21313,105.21301,105.21301
55,full,1,220,105.03337,105.03327,105.03327
55,full,1,230,104.85553,104.85543,104.85543
55,full,1,240,104.67937,104.67928,104.67928
55,full,1,250,104.50467,104.50459,104.50459
55,full,1,260,104.3312,104.33113,104.33113
55,full,1,270,104.15877,104.1587,104.1587
55,full,1,280,103.98715,103.98709,103.98709
55,full,1,290,103.81615,103.8161,103.8161
55,full,1,300,103.64557,103.64552,103.64552
55,full,1,310,103.47521,103.47517,103.47517
55,full,1,320,103.30488,103.30485,103.30485
55,full,1,330,103.13437,103.13435,103.13435
55,full,1,340,102.9635,102.96348,102.96348
55,full,1,350,102.79206,102.79205,102.79205
55,full,1,360,102.61986,102.61985,102.61985
55,full,1,370,102.44668,102.44668,102.44668
55,full,1,380,102.27231,102.27232,102.27232
55,full,1,390,102.09655,102.09656,102.09656
55,full,1,400,101.91917,101.91918,101.91918
55,full,1,410,101.73993,101.73995,101.73995
55,full,1,420,101.5586,101.55862,101.55862
55,full,1,430,101.37493,101.37495,101.37495
55,full,1,440,101.18866,101.18868,101.18868
55,full,1,450,100.99951,100.99954,100.99954
55,full,1,460,100.8072,100.80722,100.80722
55,full,1,470,100.61142,100.61144,100.61144
55,full,1,480,100.41186,100.41187,100.41187
55,full,1,490,100.20817,100.20818,100.20818
55,full,1,500,100,100,100
55,full,2,0,105,105,105
55,full,2,10,105.04298,105.04301,105.04301
55,full,2,20,105.07463,105.07469,105.07469
55,full,2,30,105.09576,105.09584,105.09584
55,full,2,40,105.10709,105.10719,105.10719
55,full,2,50,105.10932,105.10943,105.10943
55,full,2,60,105.10307,105.1032,105.1032
55,full,2,70,105.08897,105.0891,105.0891
55,full,2,80,105.06756,105.0677,105.0677
55,full,2,90,105.03938,105.03953,105.03953
55,full,2,100,105.00493,105.00508,105.00508
55,full,2,110,104.96466,104.96481,104.96481
55,full,2,120,104.91902,104.91917,104.91917
55,full,2,130,104.86841,104.86856,104.86856
55,full,2,140,104.81322,104.81337,104.81337
55,full,2,150,104.75382,104.75397,104.75397
55,full,2,160,104.69054,104.69069,104.69069
55,full,2,170,104.62372,104.62386,104.62386
55,full,2,180,104.55366,104.55379,104.55379
55,full,2,190,104.48065,104.48077,104.48077
55,full,2,200,104.40496,104.40508,104.40508
55,full,2,210,104.32687,104.32699,104.32699
55,full,2,220,104.24663,104.24673,104.24673
55,full,2,230,104.16447,104.16457,104.16457
55,full,2,240,104.08063,104.08072,104.08072
55,full,2,250,103.99533,103.99541,103.99541
55,full,2,260,103.9088,103.90887,103.90887
55,full,2,270,103.82123,103.8213,103.8213
55,full,2,280,103.73285,103.73291,103.73291
55,full,2,290,103.64385,103.6439,103.6439
55,full,2,300,103.55443,103.55448,103.55448
55,full,2,310,103.46479,103.46483,103.46483
55,full,2,320,103.37512,103.37515,103.37515
55,full,2,330,103.28563,103.28565,103.28565
55,full,2,340,103.1965,103.19652,103.19652
55,full,2,350,103.10794,103.10795,103.10795
55,full,2,360,103.02014,103.02015,103.02015
55,full,2,370,102.93332,102.93332,102.93332
55,full,2,380,102.84769,102.84768,102.84768
55,full,2,390,102.76345,102.76344,102.76344
55,full,2,400,102.68083,102.68082,102.68082
55,full,2,410,102.60007,102.60005,102.60005
55,full,2,420,102.5214,102.52138,102.52138
55,full,2,430,102.44507,102.44505,102.44505
55,full,2,440,102.37134,102.37132,102.37132
55,full,2,450,102.30049,102.30046,102.30046
55,full,2,460,102.2328,102.23278,102.23278
55,full,2,470,102.16858,102.16856,102.16856
55,full,2,480,102.10814,102.10813,102.10813
55,full,2,490,102.05183,102.05182,102.05182
55,full,2,500,102,102,102
60,plan,1,0,110,110,110
60,plan,1,10,109.75721,109.75721,109.67472
60,plan,1,20,109.51825,109.51824,109.3642
60,plan,1,30,109.28293,109.28291,109.06728
60,plan,1,40,109.05108,109.05107,108.7829
60,plan,1,50,108.82255,108.82253,108.51006
60,plan,1,60,108.59718,108.59716,108.24785
60,plan,1,70,108.37481,108.37478,107.99542
60,plan,1,80,108.15529,108.15526,107.752
60,plan,1,90,107.93849,107.93846,107.51684
60,plan,1,100,107.72426,107.72423,107.28929
60,plan,1,110,107.51247,107.51244,107.06871
60,plan,1,120,107.30299,107.30295,106.85453
60,plan,1,130,107.09568,107.09565,106.6462
60,plan,1,140,106.89044,106.89041,106.44323
60,plan,1,150,106.68713,106.6871,106.24514
60,plan,1,160,106.48564,106.48561,106.05151
60,plan,1,170,106.28586,106.28583,105.86192
60,plan,1,180,106.08767,106.08764,105.67599
60,plan,1,190,105.89096,105.89093,105.49336
60,plan,1,200,105.69563,105.6956,105.31371
60,plan,1,210,105.50158,105.50155,105.1367
60,plan,1,220,105.30869,105.30867,104.96204
60,plan,1,230,105.11688,105.11685,104.78944
60,plan,1,240,104.92604,104.92601,104.61863
60,plan,1,250,104.73607,104.73604,104.44935
60,plan,1,260,104.54687,104.54685,104.28135
60,plan,1,270,104.35836,104.35834,104.11438
60,plan,1,280,104.17044,104.17042,103.9482
60,plan,1,290,103.98302,103.983,103.78259
60,plan,1,300,103.796,103.79598,103.61732
60,plan,1,310,103.6093,103.60928,103.45216
60,plan,1,320,103.42281,103.4228,103.28688
60,plan,1,330,103.23646,103.23645,103.12127
60,plan,1,340,103.05016,103.05014,102.95508
60,plan,1,350,102.8638,102.86379,102.7881
60,plan,1,360,102.67731,102.6773,102.62008
60,plan,1,370,102.49059,102.49058,102.45078
60,plan,1,380,102.30355,102.30354,102.27994
60,plan,1,390,102.1161,102.11609,102.10732
60,plan,1,400,101.92814,101.92814,101.93263
60,plan,1,410,101.7396,101.73959,101.75558
60,plan,1,420,101.55036,101.55036,101.57588
60,plan,1,430,101.36034,101.36034,101.39321
60,plan,1,440,101.16944,101.16944,101.20723
60,plan,1,450,100.97756,100.97756,101.01758
60,plan,1,460,100.78461,100.78461,100.82389
60,plan,1,470,100.59048,100.59048,100.62573
60,plan,1,480,100.39507,100.39507,100.42268
60,plan,1,490,100.19828,100.19828,100.21427
60,plan,1,500,100,100,100
60,plan,2,0,105,105,105
60,plan,2,10,104.98279,104.98279,105.06528
60,plan,2,20,104.96175,104.96176,105.1158
60,plan,2,30,104.93707,104.93709,105.15272
60,plan,2,40,104.90892,104.90893,105.1771
60,plan,2,50,104.87745,104.87747,105.18994
60,plan,2,60,104.84282,104.84284,105.19215
60,plan,2,70,104.80519,104.80522,105.18458
60,plan,2,80,104.76471,104.76474,105.168
60,plan,2,90,104.72151,104.72154,105.14316
60,plan,2,100,104.67574,104.67577,105.11071
60,plan,2,110,104.62753,104.62756,105.07129
60,plan,2,120,104.57701,104.57705,105.02547
60,plan,2,130,104.52432,104.52435,104.9738
60,plan,2,140,104.46956,104.46959,104.91677
60,plan,2,150,104.41287,104.4129,104.85486
60,plan,2,160,104.35436,104.35439,104.78849
60,plan,2,170,104.29414,104.29417,104.71808
60,plan,2,180,104.23233,104.23236,104.64401
60,plan,2,190,104.16904,104.16907,104.56664
60,plan,2,200,104.10437,104.1044,104.48629
60,plan,2,210,104.03842,104.03845,104.4033
60,plan,2,220,103.97131,103.97133,104.31796
60,plan,2,230,103.90312,103.90315,104.23056
60,plan,2,240,103.83396,103.83399,104.14137
60,plan,2,250,103.76393,103.76396,104.05065
60,plan,2,260,103.69313,103.69315,103.95865
60,plan,2,270,103.62164,103.62166,103.86562
60,plan,2,280,103.54956,103.54958,103.7718
60,plan,2,290,103.47698,103.477,103.67741
60,plan,2,300,103.404,103.40402,103.58268
60,plan,2,310,103.3307,103.33072,103.48784
60,plan,2,320,103.25719,103.2572,103.39312
60,plan,2,330,103.18354,103.18355,103.29873
60,plan,2,340,103.10984,103.10986,103.20492
60,plan,2,350,103.0362,103.03621,103.1119
60,plan,2,360,102.96269,102.9627,103.01992
60,plan,2,370,102.88941,102.88942,102.92922
60,plan,2,380,102.81645,102.81646,102.84006
60,plan,2,390,102.7439,102.74391,102.75268
60,plan,2,400,102.67186,102.67186,102.66737
60,plan,2,410,102.6004,102.60041,102.58442
60,plan,2,420,102.52964,102.52964,102.50412
60,plan,2,430,102.45966,102.45966,102.42679
60,plan,2,440,102.39056,102.39056,102.35277
60,plan,2,450,102.32244,102.32244,102.28242
60,plan,2,460,102.25539,102.25539,102.21611
60,plan,2,470,102.18952,102.18952,102.15427
60,plan,2,480,102.12493,102.12493,102.09732
60,plan,2,490,102.06172,102.06172,102.04573
60,plan,2,500,102,102,102
60,area,1,0,110,110,110
60,area,1,10,109.72481,109.7248,109.67472
60,area,1,20,109.45716,109.45713,109.3642
60,area,1,30,109.19661,109.19657,109.06728
60,area,1,40,108.94273,108.94268,108.7829
60,area,1,50,108.69513,108.69507,108.51006
60,area,1,60,108.45344,108.45337,108.24785
60,area,1,70,108.21729,108.21722,107.99542
60,area,1,80,107.98635,107.98627,107.752
60,area,1,90,107.76029,107.76021,107.51684
60,area,1,100,107.53882,107.53873,107.28929
60,area,1,110,107.32162,107.32154,107.06871
60,area,1,120,107.10843,107.10835,106.85453
60,area,1,130,106.89898,106.8989,106.6462
60,area,1,140,106.69302,106.69293,106.44323
60,area,1,150,106.4903,106.49021,106.24514
60,area,1,160,106.29058,106.2905,106.05151
60,area,1,170,106.09365,106.09357,105.86192
60,area,1,180,105.8993,105.89921,105.67599
60,area,1,190,105.7073,105.70723,105.49336
60,area,1,200,105.51748,105.5174,105.31371
60,area,1,210,105.32963,105.32956,105.1367
60,area,1,220,105.14358,105.14351,104.96204
60,area,1,230,104.95913,104.95906,104.78944
60,area,1,240,104.77612,104.77606,104.61863
60,area,1,250,104.59438,104.59432,104.44935
60,area,1,260,104.41374,104.41369,104.28135
60,area,1,270,104.23404,104.23399,104.11438
60,area,1,280,104.05513,104.05508,103.9482
60,area,1,290,103.87683,103.87679,103.78259
60,area,1,300,103.69901,103.69897,103.61732
60,area,1,310,103.5215,103.52147,103.45216
60,area,1,320,103.34416,103.34413,103.28688
60,area,1,330,103.16683,103.16681,103.12127
60,area,1,340,102.98937,102.98934,102.95508
60,area,1,350,102.81161,102.81159,102.7881
60,area,1,360,102.63341,102.6334,102.62008
60,area,1,370,102.45461,102.4546,102.45078
60,area,1,380,102.27506,102.27506,102.27994
60,area,1,390,102.0946,102.0946,102.10732
60,area,1,400,101.91307,101.91306,101.93263
60,area,1,410,101.73029,101.73029,101.75558
60,area,1,420,101.54611,101.54612,101.57588
60,area,1,430,101.36035,101.36036,101.39321
60,area,1,440,101.17283,101.17284,101.20723
60,area,1,450,100.98337,100.98338,101.01758
60,area,1,460,100.79177,100.79178,100.82389
60,area,1,470,100.59785,100.59785,100.62573
60,area,1,480,100.40139,100.40139,100.42268
60,area,1,490,100.20218,100.20218,100.21427
60,area,1,500,100,100,100
60,area,2,0,105,105,105
60,area,2,10,105.01519,105.0152,105.06528
60,area,2,20,105.02284,105.02287,105.1158
60,area,2,30,105.02339,105.02343,105.15272
60,area,2,40,105.01727,105.01732,105.1771
60,area,2,50,105.00487,105.00493,105.18994
60,area,2,60,104.98656,104.98663,105.19215
60,area,2,70,104.96271,104.96278,105.18458
60,area,2,80,104.93365,104.93373,105.168
60,area,2,90,104.89971,104.89979,105.14316
60,area,2,100,104.86118,104.86127,105.11071
60,area,2,110,104.81838,104.81846,105.07129
60,area,2,120,104.77157,104.77165,105.02547
60,area,2,130,104.72102,104.7211,104.9738
60,area,2,140,104.66698,104.66707,104.91677
60,area,2,150,104.6097,104.60979,104.85486
60,area,2,160,104.54942,104.5495,104.78849
60,area,2,170,104.48635,104.48643,104.71808
60,area,2,180,104.4207,104.42079,104.64401
60,area,2,190,104.3527,104.35277,104.56664
60,area,2,200,104.28252,104.2826,104.48629
60,area,2,210,104.21037,104.21044,104.4033
60,area,2,220,104.13642,104.13649,104.31796
60,area,2,230,104.06087,104.06094,104.23056
60,area,2,240,103.98388,103.98394,104.14137
60,area,2,250,103.90562,103.90568,104.05065
60,area,2,260,103.82626,103.82631,103.95865
60,area,2,270,103.74596,103.74601,103.86562
60,area,2,280,103.66487,103.66492,103.7718
60,area,2,290,103.58317,103.58321,103.67741
60,area,2,300,103.50099,103.50103,103.58268
60,area,2,310,103.4185,103.41853,103.48784
60,area,2,320,103.33584,103.33587,103.39312
60,area,2,330,103.25317,103.25319,103.29873
60,area,2,340,103.17063,103.17066,103.20492
60,area,2,350,103.08839,103.08841,103.1119
60,area,2,360,103.00659,103.0066,103.01992
60,area,2,370,102.92539,102.9254,102.92922
60,area,2,380,102.84494,102.84494,102.84006
60,area,2,390,102.7654,102.7654,102.75268
60,area,2,400,102.68693,102.68694,102.66737
60,area,2,410,102.60971,102.60971,102.58442
60,area,2,420,102.53389,102.53388,102.50412
60,area,2,430,102.45965,102.45964,102.42679
60,area,2,440,102.38717,102.38716,102.35277
60,area,2,450,102.31663,102.31662,102.28242
60,area,2,460,102.24823,102.24822,102.21611
60,area,2,470,102.18215,102.18215,102.15427
60,area,2,480,102.11861,102.11861,102.09732
60,area,2,490,102.05782,102.05782,102.04573
60,area,2,500,102,102,102
60,full,1,0,110,110,110
60,full,1,10,109.67477,109.67472,109.67472
60,full,1,20,109.36429,109.3642,109.3642
60,full,1,30,109.0674,109.06728,109.06728
60,full,1,40,108.78304,108.7829,108.7829
60,full,1,50,108.51023,108.51006,108.51006
60,full,1,60,108.24803,108.24785,108.24785
60,full,1,70,107.99562,107.99542,107.99542
60,full,1,80,107.7522,107.752,107.752
60,full,1,90,107.51705,107.51684,107.51684
60,full,1,100,107.2895,107.28929,107.28929
60,full,1,110,107.06892,107.06871,107.06871
60,full,1,120,106.85474,106.85453,106.85453
60,full,1,130,106.64641,106.6462,106.6462
60,full,1,140,106.44343,106.44323,106.44323
60,full,1,150,106.24534,106.24514,106.24514
60,full,1,160,106.0517,106.05151,106.05151
60,full,1,170,105.8621,105.86192,105.86192
60,full,1,180,105.67616,105.67599,105.67599
60,full,1,190,105.49353,105.49336,105.49336
60,full,1,200,105.31386,105.31371,105.31371
60,full,1,210,105.13684,105.1367,105.1367
60,full,1,220,104.96217,104.96204,104.96204
60,full,1,230,104.78956,104.78944,104.78944
60,full,1,240,104.61875,104.61863,104.61863
60,full,1,250,104.44945,104.44935,104.44935
60,full,1,260,104.28144,104.28135,104.28135
60,full,1,270,104.11446,104.11438,104.11438
60,full,1,280,103.94827,103.9482,103.9482
60,full,1,290,103.78265,103.78259,103.78259
60,full,1,300,103.61737,103.61732,103.61732
60,full,1,310,103.4522,103.45216,103.45216
60,full,1,320,103.28691,103.28688,103.28688
60,full,1,330,103.12129,103.12127,103.12127
60,full,1,340,102.95509,102.95508,102.95508
60,full,1,350,102.7881,102.7881,102.7881
60,full,1,360,102.62007,102.62008,102.62008
60,full,1,370,102.45076,102.45078,102.45078
60,full,1,380,102.27992,102.27994,102.27994
60,full,1,390,102.10729,102.10732,102.10732
60,full,1,400,101.93259,101.93263,101.93263
60,full,1,410,101.75554,101.75558,101.75558
60,full,1,420,101.57584,101.57588,101.57588
60,full,1,430,101.39317,101.39321,101.39321
60,full,1,440,101.20719,101.20723,101.20723
60,full,1,450,101.01754,101.01758,101.01758
60,full,1,460,100.82385,100.82389,100.82389
60,full,1,470,100.6257,100.62573,100.62573
60,full,1,480,100.42266,100.42268,100.42268
60,full,1,490,100.21426,100.21427,100.21427
60,full,1,500,100,100,100
60,full,2,0,105,105,105
60,full,2,10,105.06523,105.06528,105.06528
60,full,2,20,105.11571,105.1158,105.1158
60,full,2,30,105.1526,105.15272,105.15272
60,full,2,40,105.17696,105.1771,105.1771
60,full,2,50,105.18977,105.18994,105.18994
60,full,2,60,105.19197,105.19215,105.19215
60,full,2,70,105.18438,105.18458,105.18458
60,full,2,80,105.1678,105.168,105.168
60,full,2,90,105.14295,105.14316,105.14316
60,full,2,100,105.1105,105.11071,105.11071
60,full,2,110,105.07108,105.07129,105.07129
60,full,2,120,105.02526,105.02547,105.02547
60,full,2,130,104.97359,104.9738,104.9738
60,full,2,140,104.91657,104.91677,104.91677
60,full,2,150,104.85466,104.85486,104.85486
60,full,2,160,104.7883,104.78849,104.78849
60,full,2,170,104.7179,104.71808,104.71808
60,full,2,180,104.64384,104.64401,104.64401
60,full,2,190,104.56647,104.56664,104.56664
60,full,2,200,104.48614,104.48629,104.48629
60,full,2,210,104.40316,104.4033,104.4033
60,full,2,220,104.31783,104.31796,104.31796
60,full,2,230,104.23044,104.23056,104.23056
60,full,2,240,104.14125,104.14137,104.14137
60,full,2,250,104.05055,104.05065,104.05065
60,full,2,260,103.95856,103.95865,103.95865
60,full,2,270,103.86554,103.86562,103.86562
60,full,2,280,103.77173,103.7718,103.7718
60,full,2,290,103.67735,103.67741,103.67741
60,full,2,300,103.58263,103.58268,103.58268
60,full,2,310,103.4878,103.48784,103.48784
60,full,2,320,103.39309,103.39312,103.39312
60,full,2,330,103.29871,103.29873,103.29873
60,full,2,340,103.20491,103.20492,103.20492
60,full,2,350,103.1119,103.1119,103.1119
60,full,2,360,103.01993,103.01992,103.01992
60,full,2,370,102.92924,102.92922,102.92922
60,full,2,380,102.84008,102.84006,102.84006
60,full,2,390,102.75271,102.75268,102.75268
60,full,2,400,102.66741,102.66737,102.66737
60,full,2,410,102.58446,102.58442,102.58442
60,full,2,420,102.50416,102.50412,102.50412
60,full,2,430,102.42683,102.42679,102.42679
60,full,2,440,102.35281,102.35277,102.35277
60,full,2,450,102.28246,102.28242,102.28242
60,full,2,460,102.21615,102.21611,102.21611
60,full,2,470,102.1543,102.15427,102.15427
60,full,2,480,102.09734,102.09732,102.09732
60,full,2,490,102.04574,102.04573,102.04573
60,full,2,500,102,102,102
